[
  {
    "code": "0",
    "name": "Diplomaten",
    "state": "Bundesweit",
    "lat": null,
    "lon": null
  },
  {
    "code": "1",
    "name": "Bundestagspräsident",
    "state": "Bundesweit",
    "lat": null,
    "lon": null
  },
  {
    "code": "A",
    "name": "Augsburg",
    "state": "Bayern",
    "lat": 48.3705,
    "lon": 10.8978
  },
  {
    "code": "AA",
    "name": "Aalen Ostalbkreis",
    "state": "Baden-Württemberg",
    "lat": 48.837,
    "lon": 10.093
  },
  {
    "code": "AB",
    "name": "Aschaffenburg",
    "state": "Bayern",
    "lat": 49.977,
    "lon": 9.152
  },
  {
    "code": "ABG",
    "name": "Altenburg",
    "state": "Thüringen",
    "lat": null,
    "lon": null
  },
  {
    "code": "ABI",
    "name": "Anhalt-Bitterfeld",
    "state": "Sachsen-Anhalt",
    "lat": null,
    "lon": null
  },
  {
    "code": "AC",
    "name": "Aachen",
    "state": "Nordrhein-Westfalen",
    "lat": 50.775,
    "lon": 6.083
  },
  {
    "code": "AE",
    "name": "Vogtlandkreis",
    "state": "Sachsen",
    "lat": null,
    "lon": null
  },
  {
    "code": "AH",
    "name": "Ahaus (Kreis Borken)",
    "state": "Nordrhein-Westfalen",
    "lat": null,
    "lon": null
  },
  {
    "code": "AIB",
    "name": "Bad Aibling",
    "state": "Bayern",
    "lat": null,
    "lon": null
  },
  {
    "code": "AIC",
    "name": "Aichach-Friedberg",
    "state": "Bayern",
    "lat": null,
    "lon": null
  },
  {
    "code": "AK",
    "name": "Altenkirchen (Westerwald)",
    "state": "Rheinland-Pfalz",
    "lat": null,
    "lon": null
  },
  {
    "code": "ALF",
    "name": "Alfeld (Kreis Hildesheim)",
    "state": "Niedersachsen",
    "lat": null,
    "lon": null
  },
  {
    "code": "ALZ",
    "name": "Alzenau in Unterfranken",
    "state": "Bayern",
    "lat": null,
    "lon": null
  },
  {
    "code": "AM",
    "name": "Amberg",
    "state": "Bayern",
    "lat": null,
    "lon": null
  },
  {
    "code": "AN",
    "name": "Ansbach",
    "state": "Bayern",
    "lat": null,
    "lon": null
  },
  {
    "code": "ANA",
    "name": "Annaberg-Buchholz",
    "state": "Nordrhein-Westfalen",
    "lat": null,
    "lon": null
  },
  {
    "code": "ANG",
    "name": "Angermünde",
    "state": "Brandenburg",
    "lat": null,
    "lon": null
  },
  {
    "code": "ANK",
    "name": "Anklam (Vorpommern-Greifswald)",
    "state": "Mecklenburg-Vorpommern",
    "lat": null,
    "lon": null
  },
  {
    "code": "AP",
    "name": "Apolda (Weimarer-Land)",
    "state": "Thüringen",
    "lat": null,
    "lon": null
  },
  {
    "code": "APD",
    "name": "Apolda (Weimarer Land)",
    "state": "Thüringen",
    "lat": null,
    "lon": null
  },
  {
    "code": "ARN",
    "name": "Arnstadt (Ilm-Kreis)",
    "state": "Thüringen",
    "lat": null,
    "lon": null
  },
  {
    "code": "ART",
    "name": "Artern (Kyffhäuserkreis)",
    "state": "Thüringen",
    "lat": null,
    "lon": null
  },
  {
    "code": "AS",
    "name": "Amberg-Sulzbach",
    "state": "Bayern",
    "lat": null,
    "lon": null
  },
  {
    "code": "ASL",
    "name": "Aschersleben (Salzlandkreis)",
    "state": "Sachsen-Anhalt",
    "lat": null,
    "lon": null
  },
  {
    "code": "ASZ",
    "name": "Aue-Schwarzenberg",
    "state": "Sachsen",
    "lat": null,
    "lon": null
  },
  {
    "code": "AT",
    "name": "Altentreptow (Mecklenburgische Seenplatte)",
    "state": "Thüringen",
    "lat": null,
    "lon": null
  },
  {
    "code": "AU",
    "name": "Aue (Erzgebirgskreis)",
    "state": "Sachsen",
    "lat": null,
    "lon": null
  },
  {
    "code": "AUR",
    "name": "Aurich",
    "state": "Niedersachsen",
    "lat": null,
    "lon": null
  },
  {
    "code": "AW",
    "name": "Ahrweiler",
    "state": "Rheinland-Pfalz",
    "lat": null,
    "lon": null
  },
  {
    "code": "AZ",
    "name": "Alzey-Worms",
    "state": "Rheinland-Pfalz",
    "lat": null,
    "lon": null
  },
  {
    "code": "AZE",
    "name": "Anhalt-Zerbst",
    "state": "Sachsen-Anhalt",
    "lat": null,
    "lon": null
  },
  {
    "code": "AÖ",
    "name": "Altötting",
    "state": "Bayern",
    "lat": null,
    "lon": null
  },
  {
    "code": "B",
    "name": "Berlin",
    "state": "Berlin",
    "lat": 52.52,
    "lon": 13.405
  },
  {
    "code": "BA",
    "name": "Bamberg",
    "state": "Bayern",
    "lat": 49.892,
    "lon": 10.887
  },
  {
    "code": "BAD",
    "name": "Baden-Baden",
    "state": "Baden-Württemberg",
    "lat": null,
    "lon": null
  },
  {
    "code": "BAR",
    "name": "Barnim",
    "state": "Brandenburg",
    "lat": null,
    "lon": null
  },
  {
    "code": "BB",
    "name": "Böblingen",
    "state": "Baden-Württemberg",
    "lat": 48.682,
    "lon": 9.012
  },
  {
    "code": "BBG",
    "name": "Bernburg",
    "state": "Sachsen-Anhalt",
    "lat": null,
    "lon": null
  },
  {
    "code": "BBL",
    "name": "Landesregierung Brandenburg",
    "state": "Brandenburg",
    "lat": null,
    "lon": null
  },
  {
    "code": "BC",
    "name": "Biberach/Riss",
    "state": "Baden-Württemberg",
    "lat": null,
    "lon": null
  },
  {
    "code": "BCH",
    "name": "Buchen (Odenwald)",
    "state": "Baden-Württemberg",
    "lat": null,
    "lon": null
  },
  {
    "code": "BD",
    "name": "Bundesrepublik Deutschland",
    "state": "Bundesweit",
    "lat": null,
    "lon": null
  },
  {
    "code": "BE",
    "name": "Beckum",
    "state": "Nordrhein-Westfalen",
    "lat": null,
    "lon": null
  },
  {
    "code": "BED",
    "name": "Brand-Erbisdorf (Mittelsachsen)",
    "state": "Sachsen",
    "lat": null,
    "lon": null
  },
  {
    "code": "BER",
    "name": "Bernau (Berlin)",
    "state": "Brandenburg",
    "lat": null,
    "lon": null
  },
  {
    "code": "BF",
    "name": "Steinfurt",
    "state": "Nordrhein-Westfalen",
    "lat": null,
    "lon": null
  },
  {
    "code": "BGD",
    "name": "Berchtesgadener Land",
    "state": "Bayern",
    "lat": null,
    "lon": null
  },
  {
    "code": "BGL",
    "name": "Berchtesgadener Land",
    "state": "Bayern",
    "lat": null,
    "lon": null
  },
  {
    "code": "BH",
    "name": "Bühl",
    "state": "Baden-Württemberg",
    "lat": null,
    "lon": null
  },
  {
    "code": "BI",
    "name": "Bielefeld",
    "state": "Nordrhein-Westfalen",
    "lat": 52.03,
    "lon": 8.532
  },
  {
    "code": "BID",
    "name": "Biedenkopf (Marburg-Biedenkopf)",
    "state": "Hessen",
    "lat": null,
    "lon": null
  },
  {
    "code": "BIN",
    "name": "Bingen (Mainz-Bingen)",
    "state": "Rheinland-Pfalz",
    "lat": null,
    "lon": null
  },
  {
    "code": "BIR",
    "name": "Birkenfeld/Nahe und Idar-Oberstein",
    "state": "Rheinland-Pfalz",
    "lat": null,
    "lon": null
  },
  {
    "code": "BIT",
    "name": "Bitburg-Prüm",
    "state": "Rheinland-Pfalz",
    "lat": null,
    "lon": null
  },
  {
    "code": "BIW",
    "name": "Bischofswerda (Bautzen)",
    "state": "Sachsen",
    "lat": null,
    "lon": null
  },
  {
    "code": "BK",
    "name": "Backnang",
    "state": "Baden-Württemberg",
    "lat": null,
    "lon": null
  },
  {
    "code": "BKS",
    "name": "Bernkastel-Kues (Bernkastel-Wittlich)",
    "state": "Rheinland-Pfalz",
    "lat": null,
    "lon": null
  },
  {
    "code": "BL",
    "name": "Balingen (Zollernalbkreis)",
    "state": "Baden-Württemberg",
    "lat": null,
    "lon": null
  },
  {
    "code": "BLB",
    "name": "Bad Berleburg (Siegen-Wittgenstein)",
    "state": "Nordrhein-Westfalen",
    "lat": null,
    "lon": null
  },
  {
    "code": "BLK",
    "name": "Burgenlandkreis",
    "state": "Sachsen-Anhalt",
    "lat": null,
    "lon": null
  },
  {
    "code": "BM",
    "name": "Bergheim (Erftkreis)",
    "state": "Nordrhein-Westfalen",
    "lat": null,
    "lon": null
  },
  {
    "code": "BN",
    "name": "Bonn",
    "state": "Nordrhein-Westfalen",
    "lat": 50.7374,
    "lon": 7.0982
  },
  {
    "code": "BNA",
    "name": "Borna (Leipzig)",
    "state": "Sachsen",
    "lat": null,
    "lon": null
  },
  {
    "code": "BO",
    "name": "Bochum",
    "state": "Nordrhein-Westfalen",
    "lat": 51.4818,
    "lon": 7.2162
  },
  {
    "code": "BOH",
    "name": "Bocholt (Kreis Borken)",
    "state": "Nordrhein-Westfalen",
    "lat": null,
    "lon": null
  },
  {
    "code": "BOR",
    "name": "Borken (Ahaus)",
    "state": "Nordrhein-Westfalen",
    "lat": null,
    "lon": null
  },
  {
    "code": "BOT",
    "name": "Bottrop",
    "state": "Nordrhein-Westfalen",
    "lat": null,
    "lon": null
  },
  {
    "code": "BP",
    "name": "Bundespolizei",
    "state": "Bundesweit",
    "lat": null,
    "lon": null
  },
  {
    "code": "BRA",
    "name": "Brake (Wesermarsch)",
    "state": "Niedersachsen",
    "lat": null,
    "lon": null
  },
  {
    "code": "BRB",
    "name": "Brandenburg",
    "state": "Brandenburg",
    "lat": null,
    "lon": null
  },
  {
    "code": "BRG",
    "name": "Burg (Magdeburg)",
    "state": "Sachsen-Anhalt",
    "lat": null,
    "lon": null
  },
  {
    "code": "BRK",
    "name": "Bad Brückenau",
    "state": "Bayern",
    "lat": null,
    "lon": null
  },
  {
    "code": "BRL",
    "name": "Braunlage (Goslar)",
    "state": "Niedersachsen",
    "lat": null,
    "lon": null
  },
  {
    "code": "BRV",
    "name": "Bremervörde (Rotenburg / Wümme)",
    "state": "Niedersachsen",
    "lat": null,
    "lon": null
  },
  {
    "code": "BS",
    "name": "Braunschweig",
    "state": "Niedersachsen",
    "lat": 52.2689,
    "lon": 10.5268
  },
  {
    "code": "BT",
    "name": "Bayreuth",
    "state": "Bayern",
    "lat": null,
    "lon": null
  },
  {
    "code": "BTF",
    "name": "Bitterfeld",
    "state": "Sachsen-Anhalt",
    "lat": null,
    "lon": null
  },
  {
    "code": "BUL",
    "name": "Burglengenfeld",
    "state": "Bayern",
    "lat": null,
    "lon": null
  },
  {
    "code": "BW",
    "name": "Wasser- und Schifffahrtsverwaltung des Bundes",
    "state": "Bundesweit",
    "lat": null,
    "lon": null
  },
  {
    "code": "BWL",
    "name": "Landesregierung Baden-Württemberg",
    "state": "Baden-Württemberg",
    "lat": null,
    "lon": null
  },
  {
    "code": "BY",
    "name": "Landesregierung Bayern",
    "state": "Bayern",
    "lat": null,
    "lon": null
  },
  {
    "code": "BYL",
    "name": "Bayern, Landesregierung und Landtag",
    "state": "Bayern",
    "lat": null,
    "lon": null
  },
  {
    "code": "BZ",
    "name": "Bautzen",
    "state": "Sachsen",
    "lat": null,
    "lon": null
  },
  {
    "code": "BÖ",
    "name": "Börde",
    "state": "Sachsen-Anhalt",
    "lat": null,
    "lon": null
  },
  {
    "code": "BÜD",
    "name": "Büdingen (Wetteraukreis)",
    "state": "Hessen",
    "lat": null,
    "lon": null
  },
  {
    "code": "BÜR",
    "name": "Büren",
    "state": "Nordrhein-Westfalen",
    "lat": null,
    "lon": null
  },
  {
    "code": "BÜS",
    "name": "Büsingen am Hochrhein",
    "state": "Baden-Württemberg",
    "lat": null,
    "lon": null
  },
  {
    "code": "BÜZ",
    "name": "Bützow (Rostock)",
    "state": "Mecklenburg-Vorpommern",
    "lat": null,
    "lon": null
  },
  {
    "code": "C",
    "name": "Chemnitz",
    "state": "Sachsen",
    "lat": null,
    "lon": null
  },
  {
    "code": "CA",
    "name": "Calau (Oberspreewald-Lausitz)",
    "state": "Brandenburg",
    "lat": null,
    "lon": null
  },
  {
    "code": "CAS",
    "name": "Castrop-Rauxel (Recklinghausen)",
    "state": "Nordrhein-Westfalen",
    "lat": null,
    "lon": null
  },
  {
    "code": "CB",
    "name": "Cottbus",
    "state": "Brandenburg",
    "lat": null,
    "lon": null
  },
  {
    "code": "CE",
    "name": "Celle",
    "state": "Niedersachsen",
    "lat": null,
    "lon": null
  },
  {
    "code": "CHA",
    "name": "Cham (Oberpfalz)",
    "state": "Bayern",
    "lat": null,
    "lon": null
  },
  {
    "code": "CLP",
    "name": "Cloppenburg",
    "state": "Niedersachsen",
    "lat": null,
    "lon": null
  },
  {
    "code": "CLZ",
    "name": "Clausthal-Zellerfeld (Goslar)",
    "state": "Niedersachsen",
    "lat": null,
    "lon": null
  },
  {
    "code": "CO",
    "name": "Coburg",
    "state": "Bayern",
    "lat": null,
    "lon": null
  },
  {
    "code": "COC",
    "name": "Cochem-Zell/Mosel",
    "state": "Rheinland-Pfalz",
    "lat": null,
    "lon": null
  },
  {
    "code": "COE",
    "name": "Coesfeld (Westfalen)",
    "state": "Nordrhein-Westfalen",
    "lat": null,
    "lon": null
  },
  {
    "code": "CR",
    "name": "Crailsheim",
    "state": "Baden-Württemberg",
    "lat": null,
    "lon": null
  },
  {
    "code": "CUX",
    "name": "Cuxhaven",
    "state": "Niedersachsen",
    "lat": null,
    "lon": null
  },
  {
    "code": "CW",
    "name": "Calw",
    "state": "Baden-Württemberg",
    "lat": null,
    "lon": null
  },
  {
    "code": "D",
    "name": "Düsseldorf",
    "state": "Nordrhein-Westfalen",
    "lat": 51.2277,
    "lon": 6.7735
  },
  {
    "code": "DA",
    "name": "Darmstadt",
    "state": "Hessen",
    "lat": 49.8728,
    "lon": 8.6512
  },
  {
    "code": "DAH",
    "name": "Dachau",
    "state": "Bayern",
    "lat": null,
    "lon": null
  },
  {
    "code": "DAN",
    "name": "Lüchow-Dannenberg",
    "state": "Niedersachsen",
    "lat": null,
    "lon": null
  },
  {
    "code": "DAU",
    "name": "Daun",
    "state": "Rheinland-Pfalz",
    "lat": null,
    "lon": null
  },
  {
    "code": "DBR",
    "name": "Bad Doberan",
    "state": "Mecklenburg-Vorpommern",
    "lat": null,
    "lon": null
  },
  {
    "code": "DD",
    "name": "Dresden",
    "state": "Sachsen",
    "lat": 51.0504,
    "lon": 13.7373
  },
  {
    "code": "DE",
    "name": "Dessau",
    "state": "Sachsen-Anhalt",
    "lat": null,
    "lon": null
  },
  {
    "code": "DEG",
    "name": "Deggendorf",
    "state": "Bayern",
    "lat": null,
    "lon": null
  },
  {
    "code": "DEL",
    "name": "Delmenhorst",
    "state": "Niedersachsen",
    "lat": null,
    "lon": null
  },
  {
    "code": "DGF",
    "name": "Dingolfing-Landau",
    "state": "Bayern",
    "lat": null,
    "lon": null
  },
  {
    "code": "DH",
    "name": "Diepholz",
    "state": "Niedersachsen",
    "lat": null,
    "lon": null
  },
  {
    "code": "DI",
    "name": "Dieburg (Darmstadt-Dieburg)",
    "state": "Hessen",
    "lat": null,
    "lon": null
  },
  {
    "code": "DIL",
    "name": "Dillkreis",
    "state": "Hessen",
    "lat": null,
    "lon": null
  },
  {
    "code": "DIN",
    "name": "Dinslaken",
    "state": "Nordrhein-Westfalen",
    "lat": null,
    "lon": null
  },
  {
    "code": "DIZ",
    "name": "Diez (Rhein-Lahn-Kreis)",
    "state": "Hessen",
    "lat": null,
    "lon": null
  },
  {
    "code": "DKB",
    "name": "Dinkelsbühl",
    "state": "Bayern",
    "lat": null,
    "lon": null
  },
  {
    "code": "DL",
    "name": "Döbeln",
    "state": "Sachsen",
    "lat": null,
    "lon": null
  },
  {
    "code": "DLG",
    "name": "Dillingen/Donau",
    "state": "Bayern",
    "lat": null,
    "lon": null
  },
  {
    "code": "DM",
    "name": "Demmin",
    "state": "Mecklenburg-Vorpommern",
    "lat": null,
    "lon": null
  },
  {
    "code": "DN",
    "name": "Düren",
    "state": "Nordrhein-Westfalen",
    "lat": null,
    "lon": null
  },
  {
    "code": "DO",
    "name": "Dortmund",
    "state": "Nordrhein-Westfalen",
    "lat": 51.5136,
    "lon": 7.4653
  },
  {
    "code": "DON",
    "name": "Donauwörth (Donau-Ries)",
    "state": "Bayern",
    "lat": null,
    "lon": null
  },
  {
    "code": "DU",
    "name": "Duisburg",
    "state": "Nordrhein-Westfalen",
    "lat": 51.4344,
    "lon": 6.7623
  },
  {
    "code": "DUD",
    "name": "Duderstadt (Göttingen)",
    "state": "Niedersachsen",
    "lat": null,
    "lon": null
  },
  {
    "code": "DW",
    "name": "Dippoldiswalde",
    "state": "Sachsen",
    "lat": null,
    "lon": null
  },
  {
    "code": "DZ",
    "name": "Delitzsch",
    "state": "Sachsen",
    "lat": null,
    "lon": null
  },
  {
    "code": "DÜW",
    "name": "Bad Dürkheim",
    "state": "Rheinland-Pfalz",
    "lat": null,
    "lon": null
  },
  {
    "code": "E",
    "name": "Essen",
    "state": "Nordrhein-Westfalen",
    "lat": 51.4556,
    "lon": 7.0116
  },
  {
    "code": "EA",
    "name": "Eisenach",
    "state": "Thüringen",
    "lat": null,
    "lon": null
  },
  {
    "code": "EB",
    "name": "Eilenburg (Nordsachsen)",
    "state": "Sachsen",
    "lat": null,
    "lon": null
  },
  {
    "code": "EBE",
    "name": "Ebersberg",
    "state": "Bayern",
    "lat": null,
    "lon": null
  },
  {
    "code": "EBN",
    "name": "Ebern",
    "state": "Bayern",
    "lat": null,
    "lon": null
  },
  {
    "code": "EBS",
    "name": "Ebermannstadt",
    "state": "Bayern",
    "lat": null,
    "lon": null
  },
  {
    "code": "ECK",
    "name": "Eckernförde (Rendsburg)",
    "state": "Schleswig-Holstein",
    "lat": null,
    "lon": null
  },
  {
    "code": "ED",
    "name": "Erding",
    "state": "Bayern",
    "lat": null,
    "lon": null
  },
  {
    "code": "EE",
    "name": "Elbe-Elster",
    "state": "Brandenburg",
    "lat": null,
    "lon": null
  },
  {
    "code": "EF",
    "name": "Erfurt",
    "state": "Thüringen",
    "lat": null,
    "lon": null
  },
  {
    "code": "EG",
    "name": "Eggenfelden",
    "state": "Bayern",
    "lat": null,
    "lon": null
  },
  {
    "code": "EH",
    "name": "Eisenhüttenstadt",
    "state": "Brandenburg",
    "lat": null,
    "lon": null
  },
  {
    "code": "EI",
    "name": "Eichstätt",
    "state": "Bayern",
    "lat": null,
    "lon": null
  },
  {
    "code": "EIC",
    "name": "Eichsfeld",
    "state": "Thüringen",
    "lat": null,
    "lon": null
  },
  {
    "code": "EIL",
    "name": "Eisleben (Mansfeld-Südharz)",
    "state": "Sachsen-Anhalt",
    "lat": null,
    "lon": null
  },
  {
    "code": "EIN",
    "name": "Einbeck (Northeim)",
    "state": "Niedersachsen",
    "lat": null,
    "lon": null
  },
  {
    "code": "EIS",
    "name": "Eisenberg (Saale-Holzland-Kreis)",
    "state": "Thüringen",
    "lat": null,
    "lon": null
  },
  {
    "code": "EL",
    "name": "Emsland (Meppen)",
    "state": "Niedersachsen",
    "lat": null,
    "lon": null
  },
  {
    "code": "EM",
    "name": "Emmendingen",
    "state": "Baden-Württemberg",
    "lat": null,
    "lon": null
  },
  {
    "code": "EMD",
    "name": "Emden",
    "state": "Niedersachsen",
    "lat": null,
    "lon": null
  },
  {
    "code": "EMS",
    "name": "Bad Ems (Rhein-Lahn-Kreis)",
    "state": "Rheinland-Pfalz",
    "lat": null,
    "lon": null
  },
  {
    "code": "EN",
    "name": "Ennepe-Ruhr-Kreis (Schwelm)",
    "state": "Nordrhein-Westfalen",
    "lat": null,
    "lon": null
  },
  {
    "code": "ER",
    "name": "Erlangen/Stadt",
    "state": "Bayern",
    "lat": 49.5897,
    "lon": 11.0119
  },
  {
    "code": "ERB",
    "name": "Erbach (Odenwaldkreis)",
    "state": "Hessen",
    "lat": null,
    "lon": null
  },
  {
    "code": "ERH",
    "name": "Erlangen-Höchstadt",
    "state": "Bayern",
    "lat": null,
    "lon": null
  },
  {
    "code": "ERK",
    "name": "Erkelenz",
    "state": "Nordrhein-Westfalen",
    "lat": null,
    "lon": null
  },
  {
    "code": "ERZ",
    "name": "Erzgebirgskreis",
    "state": "Sachsen",
    "lat": null,
    "lon": null
  },
  {
    "code": "ES",
    "name": "Esslingen/Neckar",
    "state": "Baden-Württemberg",
    "lat": null,
    "lon": null
  },
  {
    "code": "ESB",
    "name": "Eschenbach in der Oberpfalz",
    "state": "Bayern",
    "lat": null,
    "lon": null
  },
  {
    "code": "ESW",
    "name": "Eschwege (Werra-Meissner-Kreis)",
    "state": "Hessen",
    "lat": null,
    "lon": null
  },
  {
    "code": "EU",
    "name": "Euskirchen",
    "state": "Nordrhein-Westfalen",
    "lat": null,
    "lon": null
  },
  {
    "code": "EW",
    "name": "Eberswalde (Barnim)",
    "state": "Brandenburg",
    "lat": null,
    "lon": null
  },
  {
    "code": "F",
    "name": "Frankfurt/Main",
    "state": "Hessen",
    "lat": 50.1109,
    "lon": 8.6821
  },
  {
    "code": "FB",
    "name": "Friedberg (Wetteraukreis)",
    "state": "Hessen",
    "lat": null,
    "lon": null
  },
  {
    "code": "FD",
    "name": "Fulda",
    "state": "Hessen",
    "lat": null,
    "lon": null
  },
  {
    "code": "FDB",
    "name": "Friedberg",
    "state": "Bayern",
    "lat": null,
    "lon": null
  },
  {
    "code": "FDS",
    "name": "Freudenstadt",
    "state": "Hessen",
    "lat": null,
    "lon": null
  },
  {
    "code": "FEU",
    "name": "Feuchtwangen",
    "state": "Bayern",
    "lat": null,
    "lon": null
  },
  {
    "code": "FF",
    "name": "Frankfurt/Oder",
    "state": "Brandenburg",
    "lat": null,
    "lon": null
  },
  {
    "code": "FFB",
    "name": "Fürstenfeldbruck",
    "state": "Bayern",
    "lat": null,
    "lon": null
  },
  {
    "code": "FG",
    "name": "Freiberg (Sachsen)",
    "state": "Sachsen",
    "lat": null,
    "lon": null
  },
  {
    "code": "FI",
    "name": "Finsterwalde (Elbe-Elster)",
    "state": "Brandenburg",
    "lat": null,
    "lon": null
  },
  {
    "code": "FKB",
    "name": "Waldeck-Frankenberg",
    "state": "Hessen",
    "lat": null,
    "lon": null
  },
  {
    "code": "FL",
    "name": "Flensburg",
    "state": "Schleswig-Holstein",
    "lat": 54.7937,
    "lon": 9.4469
  },
  {
    "code": "FLÖ",
    "name": "Flöha (Mittelsachsen)",
    "state": "Sachsen",
    "lat": null,
    "lon": null
  },
  {
    "code": "FN",
    "name": "Friedrichshafen (Bodenseekreis)",
    "state": "Baden-Württemberg",
    "lat": null,
    "lon": null
  },
  {
    "code": "FO",
    "name": "Forchheim",
    "state": "Bayern",
    "lat": null,
    "lon": null
  },
  {
    "code": "FOR",
    "name": "Forst (Lausitz)",
    "state": "Brandenburg",
    "lat": null,
    "lon": null
  },
  {
    "code": "FR",
    "name": "Freiburg (Breisgau)",
    "state": "Baden-Württemberg",
    "lat": 47.999,
    "lon": 7.8421
  },
  {
    "code": "FRG",
    "name": "Freyung-Grafenau",
    "state": "Bayern",
    "lat": null,
    "lon": null
  },
  {
    "code": "FRI",
    "name": "Friesland (Jever)",
    "state": "Niedersachsen",
    "lat": null,
    "lon": null
  },
  {
    "code": "FRW",
    "name": "Bad Freienwalde (Oder)",
    "state": "Brandenburg",
    "lat": null,
    "lon": null
  },
  {
    "code": "FS",
    "name": "Freising",
    "state": "Bayern",
    "lat": null,
    "lon": null
  },
  {
    "code": "FT",
    "name": "Frankenthal/Pfalz",
    "state": "Rheinland-Pfalz",
    "lat": null,
    "lon": null
  },
  {
    "code": "FTL",
    "name": "Freital (Sächsische Schweiz)",
    "state": "Sachsen",
    "lat": null,
    "lon": null
  },
  {
    "code": "FZ",
    "name": "Fritzlar-Homberg",
    "state": "Hessen",
    "lat": null,
    "lon": null
  },
  {
    "code": "FÜ",
    "name": "Fürth",
    "state": "Bayern",
    "lat": 49.478,
    "lon": 10.9887
  },
  {
    "code": "FÜS",
    "name": "Füssen",
    "state": "Bayern",
    "lat": null,
    "lon": null
  },
  {
    "code": "G",
    "name": "Gera",
    "state": "Thüringen",
    "lat": 50.877,
    "lon": 12.081
  },
  {
    "code": "GA",
    "name": "Gardelegen (Altmarkkreis Salzwedel)",
    "state": "Sachsen-Anhalt",
    "lat": null,
    "lon": null
  },
  {
    "code": "GAN",
    "name": "Bad Gandersheim (Northeim)",
    "state": "Niedersachsen",
    "lat": null,
    "lon": null
  },
  {
    "code": "GAP",
    "name": "Garmisch-Partenkirchen",
    "state": "Bayern",
    "lat": null,
    "lon": null
  },
  {
    "code": "GC",
    "name": "Glauchau",
    "state": "Sachsen",
    "lat": null,
    "lon": null
  },
  {
    "code": "GD",
    "name": "Schwäbisch Gmünd",
    "state": "Baden-Württemberg",
    "lat": null,
    "lon": null
  },
  {
    "code": "GDB",
    "name": "Gadebusch",
    "state": "Mecklenburg-Vorpommern",
    "lat": null,
    "lon": null
  },
  {
    "code": "GE",
    "name": "Gelsenkirchen",
    "state": "Nordrhein-Westfalen",
    "lat": null,
    "lon": null
  },
  {
    "code": "GEL",
    "name": "Geldern",
    "state": "Nordrhein-Westfalen",
    "lat": null,
    "lon": null
  },
  {
    "code": "GEO",
    "name": "Gerolzhofen",
    "state": "Bayern",
    "lat": null,
    "lon": null
  },
  {
    "code": "GER",
    "name": "Germersheim",
    "state": "Rheinland-Pfalz",
    "lat": null,
    "lon": null
  },
  {
    "code": "GF",
    "name": "Gifhorn",
    "state": "Niedersachsen",
    "lat": null,
    "lon": null
  },
  {
    "code": "GG",
    "name": "Gross-Gerau",
    "state": "Hessen",
    "lat": null,
    "lon": null
  },
  {
    "code": "GHA",
    "name": "Geithain (Leipzig)",
    "state": "Sachsen",
    "lat": null,
    "lon": null
  },
  {
    "code": "GHC",
    "name": "Gräfenhainichen",
    "state": "Sachsen-Anhalt",
    "lat": null,
    "lon": null
  },
  {
    "code": "GI",
    "name": "Giessen",
    "state": "Hessen",
    "lat": 50.587,
    "lon": 8.675
  },
  {
    "code": "GK",
    "name": "Selfkantkreis Geilenkirchen-Heinsberg",
    "state": "Nordrhein-Westfalen",
    "lat": null,
    "lon": null
  },
  {
    "code": "GL",
    "name": "Bergisch Gladbach",
    "state": "Nordrhein-Westfalen",
    "lat": null,
    "lon": null
  },
  {
    "code": "GLA",
    "name": "Gladbeck",
    "state": "Nordrhein-Westfalen",
    "lat": null,
    "lon": null
  },
  {
    "code": "GM",
    "name": "Gummersbach (Oberbergischer Kreis)",
    "state": "Nordrhein-Westfalen",
    "lat": null,
    "lon": null
  },
  {
    "code": "GMN",
    "name": "Grimmen",
    "state": "Mecklenburg-Vorpommern",
    "lat": null,
    "lon": null
  },
  {
    "code": "GN",
    "name": "Gelnhausen",
    "state": "Hessen",
    "lat": null,
    "lon": null
  },
  {
    "code": "GNT",
    "name": "Genthin",
    "state": "Sachsen-Anhalt",
    "lat": null,
    "lon": null
  },
  {
    "code": "GOA",
    "name": "St. Goar (Rhein-Hunsrück-Kreis)",
    "state": "Rheinland-Pfalz",
    "lat": null,
    "lon": null
  },
  {
    "code": "GOH",
    "name": "St. Goarshausen (Rhein-Lahn-Kreis)",
    "state": "Hessen",
    "lat": null,
    "lon": null
  },
  {
    "code": "GP",
    "name": "Göppingen",
    "state": "Baden-Württemberg",
    "lat": null,
    "lon": null
  },
  {
    "code": "GR",
    "name": "Görlitz",
    "state": "Sachsen",
    "lat": null,
    "lon": null
  },
  {
    "code": "GRA",
    "name": "Grafenau",
    "state": "Bayern",
    "lat": null,
    "lon": null
  },
  {
    "code": "GRH",
    "name": "Großenhain (Meißen)",
    "state": "Sachsen",
    "lat": null,
    "lon": null
  },
  {
    "code": "GRI",
    "name": "Griesbach im Rottal",
    "state": "Bayern",
    "lat": null,
    "lon": null
  },
  {
    "code": "GRM",
    "name": "Grimma (Leipzig)",
    "state": "Sachsen",
    "lat": null,
    "lon": null
  },
  {
    "code": "GRZ",
    "name": "Greiz",
    "state": "Thüringen",
    "lat": null,
    "lon": null
  },
  {
    "code": "GS",
    "name": "Goslar",
    "state": "Niedersachsen",
    "lat": null,
    "lon": null
  },
  {
    "code": "GT",
    "name": "Gütersloh (Rheda-Wiedenbrück)",
    "state": "Nordrhein-Westfalen",
    "lat": null,
    "lon": null
  },
  {
    "code": "GTH",
    "name": "Gotha",
    "state": "Thüringen",
    "lat": null,
    "lon": null
  },
  {
    "code": "GUB",
    "name": "Guben",
    "state": "Brandenburg",
    "lat": null,
    "lon": null
  },
  {
    "code": "GUN",
    "name": "Weißenburg-Gunzenhausen",
    "state": "Bayern",
    "lat": null,
    "lon": null
  },
  {
    "code": "GV",
    "name": "Grevenbroich",
    "state": "Nordrhein-Westfalen",
    "lat": null,
    "lon": null
  },
  {
    "code": "GVM",
    "name": "Grevesmühlen",
    "state": "Mecklenburg-Vorpommern",
    "lat": null,
    "lon": null
  },
  {
    "code": "GW",
    "name": "Greifswald",
    "state": "Mecklenburg-Vorpommern",
    "lat": null,
    "lon": null
  },
  {
    "code": "GZ",
    "name": "Günzburg",
    "state": "Bayern",
    "lat": null,
    "lon": null
  },
  {
    "code": "GÖ",
    "name": "Göttingen",
    "state": "Niedersachsen",
    "lat": 51.5413,
    "lon": 9.9158
  },
  {
    "code": "GÜ",
    "name": "Güstrow",
    "state": "Mecklenburg-Vorpommern",
    "lat": null,
    "lon": null
  },
  {
    "code": "H",
    "name": "Hannover",
    "state": "Niedersachsen",
    "lat": 52.3759,
    "lon": 9.732
  },
  {
    "code": "HA",
    "name": "Hagen (Westfalen)",
    "state": "Nordrhein-Westfalen",
    "lat": null,
    "lon": null
  },
  {
    "code": "HAB",
    "name": "Hammelburg",
    "state": "Bayern",
    "lat": null,
    "lon": null
  },
  {
    "code": "HAL",
    "name": "Halle/Saale",
    "state": "Sachsen-Anhalt",
    "lat": null,
    "lon": null
  },
  {
    "code": "HAM",
    "name": "Hamm/Westfalen",
    "state": "Nordrhein-Westfalen",
    "lat": null,
    "lon": null
  },
  {
    "code": "HAS",
    "name": "Hassberge in Hassfurt",
    "state": "Bayern",
    "lat": null,
    "lon": null
  },
  {
    "code": "HB",
    "name": "Hansestadt Bremen",
    "state": "Bremen",
    "lat": 53.0793,
    "lon": 8.8017
  },
  {
    "code": "HBN",
    "name": "Hildburghausen",
    "state": "Thüringen",
    "lat": null,
    "lon": null
  },
  {
    "code": "HBS",
    "name": "Halberstadt",
    "state": "Sachsen-Anhalt",
    "lat": null,
    "lon": null
  },
  {
    "code": "HC",
    "name": "Hainichen (Mittelsachsen)",
    "state": "Sachsen",
    "lat": null,
    "lon": null
  },
  {
    "code": "HCH",
    "name": "Hechingen",
    "state": "Baden-Württemberg",
    "lat": null,
    "lon": null
  },
  {
    "code": "HD",
    "name": "Heidelberg (Rhein-Neckar-Kreis)",
    "state": "Baden-Württemberg",
    "lat": 49.3988,
    "lon": 8.6724
  },
  {
    "code": "HDH",
    "name": "Heidenheim/Brenz",
    "state": "Baden-Württemberg",
    "lat": null,
    "lon": null
  },
  {
    "code": "HDL",
    "name": "Haldensleben",
    "state": "Sachsen-Anhalt",
    "lat": null,
    "lon": null
  },
  {
    "code": "HE",
    "name": "Helmstedt",
    "state": "Niedersachsen",
    "lat": null,
    "lon": null
  },
  {
    "code": "HEB",
    "name": "Hersbruck",
    "state": "Bayern",
    "lat": null,
    "lon": null
  },
  {
    "code": "HEF",
    "name": "Bad Hersfeld-Rotenburg",
    "state": "Hessen",
    "lat": null,
    "lon": null
  },
  {
    "code": "HEI",
    "name": "Heide in Dithmarschen/Holstein",
    "state": "Schleswig-Holstein",
    "lat": null,
    "lon": null
  },
  {
    "code": "HEL",
    "name": "Landesregierung Hessen",
    "state": "Hessen",
    "lat": null,
    "lon": null
  },
  {
    "code": "HER",
    "name": "Herne",
    "state": "Nordrhein-Westfalen",
    "lat": null,
    "lon": null
  },
  {
    "code": "HET",
    "name": "Hettstedt",
    "state": "Sachsen-Anhalt",
    "lat": null,
    "lon": null
  },
  {
    "code": "HF",
    "name": "Herford in Kirchlengern",
    "state": "Nordrhein-Westfalen",
    "lat": null,
    "lon": null
  },
  {
    "code": "HG",
    "name": "Bad Homburg (Hochtaunuskreis)",
    "state": "Hessen",
    "lat": null,
    "lon": null
  },
  {
    "code": "HGN",
    "name": "Hagenow (Ludwigslust-Parchim)",
    "state": "Mecklenburg-Vorpommern",
    "lat": null,
    "lon": null
  },
  {
    "code": "HGW",
    "name": "Hansestadt Greifswald",
    "state": "Mecklenburg-Vorpommern",
    "lat": null,
    "lon": null
  },
  {
    "code": "HH",
    "name": "Hansestadt Hamburg",
    "state": "Hamburg",
    "lat": 53.5511,
    "lon": 9.9937
  },
  {
    "code": "HHM",
    "name": "Hohenmölsen",
    "state": "Sachsen-Anhalt",
    "lat": null,
    "lon": null
  },
  {
    "code": "HI",
    "name": "Hildesheim",
    "state": "Niedersachsen",
    "lat": null,
    "lon": null
  },
  {
    "code": "HIG",
    "name": "Heiligenstadt",
    "state": "Thüringen",
    "lat": null,
    "lon": null
  },
  {
    "code": "HIP",
    "name": "Hilpoltstein",
    "state": "Bayern",
    "lat": null,
    "lon": null
  },
  {
    "code": "HK",
    "name": "Heidekreis",
    "state": "Niedersachsen",
    "lat": null,
    "lon": null
  },
  {
    "code": "HL",
    "name": "Hansestadt Lübeck",
    "state": "Schleswig-Holstein",
    "lat": 53.8655,
    "lon": 10.6866
  },
  {
    "code": "HM",
    "name": "Hameln-Pyrmont",
    "state": "Niedersachsen",
    "lat": null,
    "lon": null
  },
  {
    "code": "HMÜ",
    "name": "Hann. Münden (Göttingen)",
    "state": "Niedersachsen",
    "lat": null,
    "lon": null
  },
  {
    "code": "HN",
    "name": "Heilbronn/Neckar",
    "state": "Baden-Württemberg",
    "lat": null,
    "lon": null
  },
  {
    "code": "HO",
    "name": "Hof",
    "state": "Bayern",
    "lat": null,
    "lon": null
  },
  {
    "code": "HOG",
    "name": "Hofgeismar",
    "state": "Hessen",
    "lat": null,
    "lon": null
  },
  {
    "code": "HOH",
    "name": "Hofheim in Unterfranken",
    "state": "Bayern",
    "lat": null,
    "lon": null
  },
  {
    "code": "HOL",
    "name": "Holzminden",
    "state": "Niedersachsen",
    "lat": null,
    "lon": null
  },
  {
    "code": "HOM",
    "name": "Homburg/Saar (Saar-Pfalz-Kreis)",
    "state": "Saarland",
    "lat": null,
    "lon": null
  },
  {
    "code": "HOR",
    "name": "Horb",
    "state": "Baden-Württemberg",
    "lat": null,
    "lon": null
  },
  {
    "code": "HOT",
    "name": "Hohenstein-Ernstthal (Zwickau)",
    "state": "Sachsen",
    "lat": null,
    "lon": null
  },
  {
    "code": "HP",
    "name": "Bergstrasse in Heppenheim",
    "state": "Hessen",
    "lat": null,
    "lon": null
  },
  {
    "code": "HR",
    "name": "Homberg (Schwalm-Eder-Kreis)",
    "state": "Hessen",
    "lat": null,
    "lon": null
  },
  {
    "code": "HRO",
    "name": "Hansestadt Rostock",
    "state": "Mecklenburg-Vorpommern",
    "lat": null,
    "lon": null
  },
  {
    "code": "HS",
    "name": "Heinsberg",
    "state": "Nordrhein-Westfalen",
    "lat": null,
    "lon": null
  },
  {
    "code": "HSK",
    "name": "Hochsauerlandkreis",
    "state": "Nordrhein-Westfalen",
    "lat": null,
    "lon": null
  },
  {
    "code": "HST",
    "name": "Hansestadt Stralsund",
    "state": "Mecklenburg-Vorpommern",
    "lat": null,
    "lon": null
  },
  {
    "code": "HU",
    "name": "Hanau",
    "state": "Hessen",
    "lat": null,
    "lon": null
  },
  {
    "code": "HV",
    "name": "Havelberg",
    "state": "Sachsen-Anhalt",
    "lat": null,
    "lon": null
  },
  {
    "code": "HVL",
    "name": "Havelland",
    "state": "Brandenburg",
    "lat": null,
    "lon": null
  },
  {
    "code": "HWI",
    "name": "Hansestadt Wismar",
    "state": "Mecklenburg-Vorpommern",
    "lat": null,
    "lon": null
  },
  {
    "code": "HX",
    "name": "Höxter",
    "state": "Nordrhein-Westfalen",
    "lat": null,
    "lon": null
  },
  {
    "code": "HY",
    "name": "Hoyerswerda",
    "state": "Sachsen-Anhalt",
    "lat": null,
    "lon": null
  },
  {
    "code": "HZ",
    "name": "Landkreis Harz",
    "state": "Sachsen-Anhalt",
    "lat": null,
    "lon": null
  },
  {
    "code": "HÖS",
    "name": "Höchstadt an der Aisch",
    "state": "Bayern",
    "lat": null,
    "lon": null
  },
  {
    "code": "IGB",
    "name": "St. Ingbert",
    "state": "Saarland",
    "lat": null,
    "lon": null
  },
  {
    "code": "IK",
    "name": "Ilm-Kreis",
    "state": "Thüringen",
    "lat": null,
    "lon": null
  },
  {
    "code": "IL",
    "name": "Ilmenau",
    "state": "Thüringen",
    "lat": null,
    "lon": null
  },
  {
    "code": "ILL",
    "name": "Illertissen",
    "state": "Bayern",
    "lat": null,
    "lon": null
  },
  {
    "code": "IN",
    "name": "Ingolstadt/Donau",
    "state": "Bayern",
    "lat": null,
    "lon": null
  },
  {
    "code": "IZ",
    "name": "Itzehoe",
    "state": "Schleswig-Holstein",
    "lat": null,
    "lon": null
  },
  {
    "code": "J",
    "name": "Jena",
    "state": "Thüringen",
    "lat": null,
    "lon": null
  },
  {
    "code": "JE",
    "name": "Jessen (Elster)",
    "state": "Sachsen-Anhalt",
    "lat": null,
    "lon": null
  },
  {
    "code": "JL",
    "name": "Jerichower Land",
    "state": "Sachsen-Anhalt",
    "lat": null,
    "lon": null
  },
  {
    "code": "JÜL",
    "name": "Jülich",
    "state": "Nordrhein-Westfalen",
    "lat": null,
    "lon": null
  },
  {
    "code": "K",
    "name": "Köln",
    "state": "Nordrhein-Westfalen",
    "lat": 50.9375,
    "lon": 6.9603
  },
  {
    "code": "KA",
    "name": "Karlsruhe",
    "state": "Baden-Württemberg",
    "lat": 49.0069,
    "lon": 8.4037
  },
  {
    "code": "KB",
    "name": "Korbach (Waldeck-Frankenberg)",
    "state": "Hessen",
    "lat": null,
    "lon": null
  },
  {
    "code": "KC",
    "name": "Kronach",
    "state": "Bayern",
    "lat": null,
    "lon": null
  },
  {
    "code": "KE",
    "name": "Kempten/Allgäu",
    "state": "Bayern",
    "lat": null,
    "lon": null
  },
  {
    "code": "KEH",
    "name": "Kelheim",
    "state": "Bayern",
    "lat": null,
    "lon": null
  },
  {
    "code": "KEL",
    "name": "Kehl",
    "state": "Baden-Württemberg",
    "lat": null,
    "lon": null
  },
  {
    "code": "KEM",
    "name": "Kemnath",
    "state": "Bayern",
    "lat": null,
    "lon": null
  },
  {
    "code": "KF",
    "name": "Kaufbeuren",
    "state": "Bayern",
    "lat": null,
    "lon": null
  },
  {
    "code": "KG",
    "name": "Bad Kissingen",
    "state": "Bayern",
    "lat": null,
    "lon": null
  },
  {
    "code": "KH",
    "name": "Bad Kreuznach",
    "state": "Rheinland-Pfalz",
    "lat": null,
    "lon": null
  },
  {
    "code": "KI",
    "name": "Kiel",
    "state": "Schleswig-Holstein",
    "lat": 54.3233,
    "lon": 10.1228
  },
  {
    "code": "KIB",
    "name": "Kirchheimbolanden",
    "state": "Rheinland-Pfalz",
    "lat": null,
    "lon": null
  },
  {
    "code": "KK",
    "name": "Kempen-Krefeld",
    "state": "Nordrhein-Westfalen",
    "lat": null,
    "lon": null
  },
  {
    "code": "KL",
    "name": "Kaiserslautern",
    "state": "Rheinland-Pfalz",
    "lat": 49.444,
    "lon": 7.768
  },
  {
    "code": "KLE",
    "name": "Kleve",
    "state": "Nordrhein-Westfalen",
    "lat": null,
    "lon": null
  },
  {
    "code": "KLZ",
    "name": "Klötze",
    "state": "Sachsen-Anhalt",
    "lat": null,
    "lon": null
  },
  {
    "code": "KM",
    "name": "Kamenz",
    "state": "Sachsen",
    "lat": null,
    "lon": null
  },
  {
    "code": "KN",
    "name": "Konstanz",
    "state": "Baden-Württemberg",
    "lat": null,
    "lon": null
  },
  {
    "code": "KO",
    "name": "Koblenz",
    "state": "Rheinland-Pfalz",
    "lat": null,
    "lon": null
  },
  {
    "code": "KR",
    "name": "Krefeld",
    "state": "Nordrhein-Westfalen",
    "lat": null,
    "lon": null
  },
  {
    "code": "KRU",
    "name": "Krumbach (Schwaben)",
    "state": "Bayern",
    "lat": null,
    "lon": null
  },
  {
    "code": "KS",
    "name": "Kassel",
    "state": "Hessen",
    "lat": 51.3127,
    "lon": 9.4797
  },
  {
    "code": "KT",
    "name": "Kitzingen",
    "state": "Bayern",
    "lat": null,
    "lon": null
  },
  {
    "code": "KU",
    "name": "Kulmbach",
    "state": "Bayern",
    "lat": null,
    "lon": null
  },
  {
    "code": "KUS",
    "name": "Kusel",
    "state": "Rheinland-Pfalz",
    "lat": null,
    "lon": null
  },
  {
    "code": "KW",
    "name": "Königs Wusterhausen (Dahme-Spreewald)",
    "state": "Brandenburg",
    "lat": null,
    "lon": null
  },
  {
    "code": "KY",
    "name": "Kyritz",
    "state": "Brandenburg",
    "lat": null,
    "lon": null
  },
  {
    "code": "KYF",
    "name": "Kyffhäuserkreis",
    "state": "Thüringen",
    "lat": null,
    "lon": null
  },
  {
    "code": "KÖN",
    "name": "Königshofen im Grabfeld",
    "state": "Bayern",
    "lat": null,
    "lon": null
  },
  {
    "code": "KÖT",
    "name": "Köthen",
    "state": "Sachsen-Anhalt",
    "lat": null,
    "lon": null
  },
  {
    "code": "KÖZ",
    "name": "Kötzting",
    "state": "Bayern",
    "lat": null,
    "lon": null
  },
  {
    "code": "KÜN",
    "name": "Künzelsau (Hohenlohe-Kreis)",
    "state": "Baden-Württemberg",
    "lat": null,
    "lon": null
  },
  {
    "code": "L",
    "name": "Leipzig",
    "state": "Sachsen",
    "lat": 51.3397,
    "lon": 12.3731
  },
  {
    "code": "LA",
    "name": "Landshut",
    "state": "Bayern",
    "lat": null,
    "lon": null
  },
  {
    "code": "LAN",
    "name": "Landau",
    "state": "Bayern",
    "lat": null,
    "lon": null
  },
  {
    "code": "LAU",
    "name": "Lauf/Pegnitz",
    "state": "Bayern",
    "lat": null,
    "lon": null
  },
  {
    "code": "LB",
    "name": "Ludwigsburg",
    "state": "Baden-Württemberg",
    "lat": null,
    "lon": null
  },
  {
    "code": "LBS",
    "name": "Lobenstein",
    "state": "Thüringen",
    "lat": null,
    "lon": null
  },
  {
    "code": "LBZ",
    "name": "Lübz (Ludwigslust-Parchim)",
    "state": "Mecklenburg-Vorpommern",
    "lat": null,
    "lon": null
  },
  {
    "code": "LC",
    "name": "Luckau (Dahme-Spreewald)",
    "state": "Brandenburg",
    "lat": null,
    "lon": null
  },
  {
    "code": "LD",
    "name": "Landau i. d. Pfalz",
    "state": "Rheinland-Pfalz",
    "lat": null,
    "lon": null
  },
  {
    "code": "LDK",
    "name": "Lahn-Dill-Kreis",
    "state": "Hessen",
    "lat": null,
    "lon": null
  },
  {
    "code": "LDS",
    "name": "Dahme-Spreewald",
    "state": "Brandenburg",
    "lat": null,
    "lon": null
  },
  {
    "code": "LEO",
    "name": "Leonberg",
    "state": "Baden-Württemberg",
    "lat": null,
    "lon": null
  },
  {
    "code": "LER",
    "name": "Leer/Ostfriesland",
    "state": "Niedersachsen",
    "lat": null,
    "lon": null
  },
  {
    "code": "LEV",
    "name": "Leverkusen",
    "state": "Nordrhein-Westfalen",
    "lat": null,
    "lon": null
  },
  {
    "code": "LF",
    "name": "Laufen",
    "state": "Bayern",
    "lat": null,
    "lon": null
  },
  {
    "code": "LG",
    "name": "Lüneburg",
    "state": "Niedersachsen",
    "lat": null,
    "lon": null
  },
  {
    "code": "LH",
    "name": "Lüdinghausen",
    "state": "Nordrhein-Westfalen",
    "lat": null,
    "lon": null
  },
  {
    "code": "LI",
    "name": "Lindau/Bodensee",
    "state": "Baden-Württemberg",
    "lat": null,
    "lon": null
  },
  {
    "code": "LIB",
    "name": "Bad Liebenwerda",
    "state": "Brandenburg",
    "lat": null,
    "lon": null
  },
  {
    "code": "LIF",
    "name": "Lichtenfels",
    "state": "Bayern",
    "lat": null,
    "lon": null
  },
  {
    "code": "LIP",
    "name": "Lippe in Detmold",
    "state": "Nordrhein-Westfalen",
    "lat": null,
    "lon": null
  },
  {
    "code": "LL",
    "name": "Landsberg/Lech",
    "state": "Bayern",
    "lat": null,
    "lon": null
  },
  {
    "code": "LM",
    "name": "Limburg-Weilburg/Lahn",
    "state": "Hessen",
    "lat": null,
    "lon": null
  },
  {
    "code": "LN",
    "name": "Lübben",
    "state": "Brandenburg",
    "lat": null,
    "lon": null
  },
  {
    "code": "LOS",
    "name": "Landkreis Oder-Spree",
    "state": "Brandenburg",
    "lat": null,
    "lon": null
  },
  {
    "code": "LP",
    "name": "Lippstadt (Soest)",
    "state": "Nordrhein-Westfalen",
    "lat": null,
    "lon": null
  },
  {
    "code": "LR",
    "name": "Lahr",
    "state": "Baden-Württemberg",
    "lat": null,
    "lon": null
  },
  {
    "code": "LRO",
    "name": "Landkreis Rostock (Güstrow)",
    "state": "Mecklenburg-Vorpommern",
    "lat": null,
    "lon": null
  },
  {
    "code": "LSA",
    "name": "Landesregierung Sachsen-Anhalt",
    "state": "Sachsen-Anhalt",
    "lat": null,
    "lon": null
  },
  {
    "code": "LSN",
    "name": "Landesregierung Sachsen",
    "state": "Sachsen",
    "lat": null,
    "lon": null
  },
  {
    "code": "LSZ",
    "name": "Bad Langensalza",
    "state": "Thüringen",
    "lat": null,
    "lon": null
  },
  {
    "code": "LU",
    "name": "Ludwigshafen/Rhein",
    "state": "Rheinland-Pfalz",
    "lat": null,
    "lon": null
  },
  {
    "code": "LUP",
    "name": "Ludwigslust-Parchim",
    "state": "Mecklenburg-Vorpommern",
    "lat": null,
    "lon": null
  },
  {
    "code": "LWL",
    "name": "Ludwigslust",
    "state": "Mecklenburg-Vorpommern",
    "lat": null,
    "lon": null
  },
  {
    "code": "LÖ",
    "name": "Lörrach",
    "state": "Baden-Württemberg",
    "lat": null,
    "lon": null
  },
  {
    "code": "LÖB",
    "name": "Löbau (Görlitz)",
    "state": "Sachsen",
    "lat": null,
    "lon": null
  },
  {
    "code": "LÜN",
    "name": "Lünen (Unna)",
    "state": "Nordrhein-Westfalen",
    "lat": null,
    "lon": null
  },
  {
    "code": "M",
    "name": "München",
    "state": "Bayern",
    "lat": null,
    "lon": null
  },
  {
    "code": "MA",
    "name": "Mannheim",
    "state": "Baden-Württemberg",
    "lat": 49.4875,
    "lon": 8.466
  },
  {
    "code": "MAB",
    "name": "Marienberg (Erzgebirgskreis)",
    "state": "Sachsen",
    "lat": null,
    "lon": null
  },
  {
    "code": "MAI",
    "name": "Mainburg",
    "state": "Bayern",
    "lat": null,
    "lon": null
  },
  {
    "code": "MAK",
    "name": "Marktredwitz",
    "state": "Bayern",
    "lat": null,
    "lon": null
  },
  {
    "code": "MAL",
    "name": "Mallersdorf",
    "state": "Bayern",
    "lat": null,
    "lon": null
  },
  {
    "code": "MB",
    "name": "Miesbach",
    "state": "Bayern",
    "lat": null,
    "lon": null
  },
  {
    "code": "MC",
    "name": "Malchin",
    "state": "Mecklenburg-Vorpommern",
    "lat": null,
    "lon": null
  },
  {
    "code": "MD",
    "name": "Magdeburg",
    "state": "Sachsen-Anhalt",
    "lat": null,
    "lon": null
  },
  {
    "code": "ME",
    "name": "Mettmann",
    "state": "Nordrhein-Westfalen",
    "lat": null,
    "lon": null
  },
  {
    "code": "MED",
    "name": "Süderdithmarschen",
    "state": "Schleswig-Holstein",
    "lat": null,
    "lon": null
  },
  {
    "code": "MEG",
    "name": "Melsungen",
    "state": "Hessen",
    "lat": null,
    "lon": null
  },
  {
    "code": "MEI",
    "name": "Meissen",
    "state": "Sachsen",
    "lat": null,
    "lon": null
  },
  {
    "code": "MEK",
    "name": "Mittlerer Erzgebirgskreis",
    "state": "Sachsen",
    "lat": null,
    "lon": null
  },
  {
    "code": "MER",
    "name": "Merseburg",
    "state": "Sachsen-Anhalt",
    "lat": null,
    "lon": null
  },
  {
    "code": "MET",
    "name": "Mellrichstadt",
    "state": "Bayern",
    "lat": null,
    "lon": null
  },
  {
    "code": "MG",
    "name": "Mönchengladbach",
    "state": "Nordrhein-Westfalen",
    "lat": null,
    "lon": null
  },
  {
    "code": "MGH",
    "name": "Mergentheim",
    "state": "Baden-Württemberg",
    "lat": null,
    "lon": null
  },
  {
    "code": "MGN",
    "name": "Meiningen",
    "state": "Thüringen",
    "lat": null,
    "lon": null
  },
  {
    "code": "MH",
    "name": "Mülheim/Ruhr",
    "state": "Nordrhein-Westfalen",
    "lat": null,
    "lon": null
  },
  {
    "code": "MHL",
    "name": "Mühlhausen/Thüringen",
    "state": "Thüringen",
    "lat": null,
    "lon": null
  },
  {
    "code": "MI",
    "name": "Minden-Lübbecke/Westfalen",
    "state": "Nordrhein-Westfalen",
    "lat": null,
    "lon": null
  },
  {
    "code": "MIL",
    "name": "Miltenberg",
    "state": "Bayern",
    "lat": null,
    "lon": null
  },
  {
    "code": "MK",
    "name": "Märkischer Kreis (Lüdenscheid)",
    "state": "Nordrhein-Westfalen",
    "lat": null,
    "lon": null
  },
  {
    "code": "MKK",
    "name": "Main-Kinzig-Kreis",
    "state": "Hessen",
    "lat": null,
    "lon": null
  },
  {
    "code": "ML",
    "name": "Mansfelder Land",
    "state": "Sachsen-Anhalt",
    "lat": null,
    "lon": null
  },
  {
    "code": "MM",
    "name": "Memmingen",
    "state": "Bayern",
    "lat": null,
    "lon": null
  },
  {
    "code": "MN",
    "name": "Unterallgäu in Mindelheim",
    "state": "Bayern",
    "lat": null,
    "lon": null
  },
  {
    "code": "MO",
    "name": "Moers",
    "state": "Nordrhein-Westfalen",
    "lat": null,
    "lon": null
  },
  {
    "code": "MOD",
    "name": "Marktoberdorf",
    "state": "Bayern",
    "lat": null,
    "lon": null
  },
  {
    "code": "MOL",
    "name": "Märkisch-Oderland",
    "state": "Brandenburg",
    "lat": null,
    "lon": null
  },
  {
    "code": "MON",
    "name": "Monschau",
    "state": "Nordrhein-Westfalen",
    "lat": null,
    "lon": null
  },
  {
    "code": "MOS",
    "name": "Mosbach (Neckar-Odenwald-Kreis)",
    "state": "Baden-Württemberg",
    "lat": null,
    "lon": null
  },
  {
    "code": "MQ",
    "name": "Merseburg-Querfurt",
    "state": "Sachsen-Anhalt",
    "lat": null,
    "lon": null
  },
  {
    "code": "MR",
    "name": "Marburg-Biedenkopf/Lahn",
    "state": "Hessen",
    "lat": null,
    "lon": null
  },
  {
    "code": "MS",
    "name": "Münster/Westfalen",
    "state": "Nordrhein-Westfalen",
    "lat": 51.9607,
    "lon": 7.6261
  },
  {
    "code": "MSE",
    "name": "Mecklenburgische Seenplatte",
    "state": "Mecklenburg-Vorpommern",
    "lat": null,
    "lon": null
  },
  {
    "code": "MSH",
    "name": "Mansfeld-Südharz-Kreis",
    "state": "Sachsen-Anhalt",
    "lat": null,
    "lon": null
  },
  {
    "code": "MSP",
    "name": "Main-Spessart-Kreis (Karlstadt)",
    "state": "Bayern",
    "lat": null,
    "lon": null
  },
  {
    "code": "MST",
    "name": "Mecklenburg-Strelitz",
    "state": "Mecklenburg-Vorpommern",
    "lat": null,
    "lon": null
  },
  {
    "code": "MTK",
    "name": "Main-Taunus-Kreis (Hofheim)",
    "state": "Hessen",
    "lat": null,
    "lon": null
  },
  {
    "code": "MTL",
    "name": "Muldentalkreis",
    "state": "Sachsen",
    "lat": null,
    "lon": null
  },
  {
    "code": "MVL",
    "name": "Landesreg. Mecklenburg-Vorpommern",
    "state": "Mecklenburg-Vorpommern",
    "lat": null,
    "lon": null
  },
  {
    "code": "MW",
    "name": "Mittweida",
    "state": "Sachsen",
    "lat": null,
    "lon": null
  },
  {
    "code": "MY",
    "name": "Mayen",
    "state": "Rheinland-Pfalz",
    "lat": null,
    "lon": null
  },
  {
    "code": "MYK",
    "name": "Mayen-Koblenz",
    "state": "Rheinland-Pfalz",
    "lat": null,
    "lon": null
  },
  {
    "code": "MZ",
    "name": "Mainz-Bingen und Mainz",
    "state": "Rheinland-Pfalz",
    "lat": 49.9929,
    "lon": 8.2473
  },
  {
    "code": "MZG",
    "name": "Merzig-Wadern",
    "state": "Saarland",
    "lat": null,
    "lon": null
  },
  {
    "code": "MÜ",
    "name": "Mühldorf am Inn",
    "state": "Bayern",
    "lat": null,
    "lon": null
  },
  {
    "code": "MÜB",
    "name": "Münchberg",
    "state": "Bayern",
    "lat": null,
    "lon": null
  },
  {
    "code": "MÜR",
    "name": "Müritz",
    "state": "Mecklenburg-Vorpommern",
    "lat": null,
    "lon": null
  },
  {
    "code": "N",
    "name": "Nürnberg",
    "state": "Bayern",
    "lat": 49.4521,
    "lon": 11.0767
  },
  {
    "code": "NAB",
    "name": "Nabburg",
    "state": "Bayern",
    "lat": null,
    "lon": null
  },
  {
    "code": "NAI",
    "name": "Naila",
    "state": "Bayern",
    "lat": null,
    "lon": null
  },
  {
    "code": "NAU",
    "name": "Nauen",
    "state": "Brandenburg",
    "lat": null,
    "lon": null
  },
  {
    "code": "NB",
    "name": "Neubrandenburg",
    "state": "Mecklenburg-Vorpommern",
    "lat": null,
    "lon": null
  },
  {
    "code": "ND",
    "name": "Neuburg-Schrobenhausen/Donau",
    "state": "Bayern",
    "lat": null,
    "lon": null
  },
  {
    "code": "NDH",
    "name": "Nordhausen",
    "state": "Thüringen",
    "lat": null,
    "lon": null
  },
  {
    "code": "NE",
    "name": "Neuss",
    "state": "Nordrhein-Westfalen",
    "lat": null,
    "lon": null
  },
  {
    "code": "NEA",
    "name": "Neustadt-Bad Windsheim/Aisch",
    "state": "Bayern",
    "lat": null,
    "lon": null
  },
  {
    "code": "NEB",
    "name": "Nebra",
    "state": "Sachsen-Anhalt",
    "lat": null,
    "lon": null
  },
  {
    "code": "NEC",
    "name": "Neustadt bei Coburg",
    "state": "Bayern",
    "lat": null,
    "lon": null
  },
  {
    "code": "NEN",
    "name": "Neunburg vorm Wald",
    "state": "Bayern",
    "lat": null,
    "lon": null
  },
  {
    "code": "NES",
    "name": "Bad Neustadt/Saale (Rhön-Grabfeld)",
    "state": "Bayern",
    "lat": null,
    "lon": null
  },
  {
    "code": "NEW",
    "name": "Neustadt/Waldnaab",
    "state": "Bayern",
    "lat": null,
    "lon": null
  },
  {
    "code": "NF",
    "name": "Nordfriesland (Husum)",
    "state": "Schleswig-Holstein",
    "lat": null,
    "lon": null
  },
  {
    "code": "NH",
    "name": "Neuhaus am Rennweg",
    "state": "Thüringen",
    "lat": null,
    "lon": null
  },
  {
    "code": "NI",
    "name": "Nienburg/Weser",
    "state": "Niedersachsen",
    "lat": null,
    "lon": null
  },
  {
    "code": "NK",
    "name": "Neunkirchen/Saar",
    "state": "Saarland",
    "lat": null,
    "lon": null
  },
  {
    "code": "NL",
    "name": "Landesregierung Niedersachsen",
    "state": "Niedersachsen",
    "lat": null,
    "lon": null
  },
  {
    "code": "NM",
    "name": "Neumarkt/Oberpfalz",
    "state": "Bayern",
    "lat": null,
    "lon": null
  },
  {
    "code": "NMB",
    "name": "Naumburg",
    "state": "Sachsen-Anhalt",
    "lat": null,
    "lon": null
  },
  {
    "code": "NMS",
    "name": "Neumünster",
    "state": "Schleswig-Holstein",
    "lat": null,
    "lon": null
  },
  {
    "code": "NOH",
    "name": "Nordhorn (Grafschaft Bentheim)",
    "state": "Niedersachsen",
    "lat": null,
    "lon": null
  },
  {
    "code": "NOL",
    "name": "Niederschlesische Oberlausitz",
    "state": "Sachsen",
    "lat": null,
    "lon": null
  },
  {
    "code": "NOM",
    "name": "Northeim",
    "state": "Niedersachsen",
    "lat": null,
    "lon": null
  },
  {
    "code": "NOR",
    "name": "Norden (Aurich)",
    "state": "Niedersachsen",
    "lat": null,
    "lon": null
  },
  {
    "code": "NP",
    "name": "Neuruppin",
    "state": "Brandenburg",
    "lat": null,
    "lon": null
  },
  {
    "code": "NR",
    "name": "Neuwied/Rhein",
    "state": "Rheinland-Pfalz",
    "lat": null,
    "lon": null
  },
  {
    "code": "NRW",
    "name": "Landesregierung NRW",
    "state": "Nordrhein-Westfalen",
    "lat": null,
    "lon": null
  },
  {
    "code": "NT",
    "name": "Nürtingen",
    "state": "Baden-Württemberg",
    "lat": null,
    "lon": null
  },
  {
    "code": "NU",
    "name": "Neu-Ulm",
    "state": "Bayern",
    "lat": null,
    "lon": null
  },
  {
    "code": "NVP",
    "name": "Nordvorpommern",
    "state": "Mecklenburg-Vorpommern",
    "lat": null,
    "lon": null
  },
  {
    "code": "NW",
    "name": "Neustadt/Weinstrasse",
    "state": "Rheinland-Pfalz",
    "lat": null,
    "lon": null
  },
  {
    "code": "NWM",
    "name": "Nordwestmecklenburg",
    "state": "Mecklenburg-Vorpommern",
    "lat": null,
    "lon": null
  },
  {
    "code": "NY",
    "name": "Niesky (Görlitz)",
    "state": "Sachsen",
    "lat": null,
    "lon": null
  },
  {
    "code": "NZ",
    "name": "Neustrelitz",
    "state": "Mecklenburg-Vorpommern",
    "lat": null,
    "lon": null
  },
  {
    "code": "NÖ",
    "name": "Nördlingen",
    "state": "Bayern",
    "lat": null,
    "lon": null
  },
  {
    "code": "OA",
    "name": "Oberallgäu (Sonthofen)",
    "state": "Bayern",
    "lat": null,
    "lon": null
  },
  {
    "code": "OAL",
    "name": "Ostallgäu (Marktoberdorf)",
    "state": "Bayern",
    "lat": null,
    "lon": null
  },
  {
    "code": "OB",
    "name": "Oberhausen/Rheinland",
    "state": "Nordrhein-Westfalen",
    "lat": null,
    "lon": null
  },
  {
    "code": "OBG",
    "name": "Osterburg",
    "state": "Sachsen-Anhalt",
    "lat": null,
    "lon": null
  },
  {
    "code": "OC",
    "name": "Oschersleben",
    "state": "Sachsen-Anhalt",
    "lat": null,
    "lon": null
  },
  {
    "code": "OCH",
    "name": "Ochsenfurt",
    "state": "Bayern",
    "lat": null,
    "lon": null
  },
  {
    "code": "OD",
    "name": "Bad Oldesloe (Stormarn)",
    "state": "Schleswig-Holstein",
    "lat": null,
    "lon": null
  },
  {
    "code": "OE",
    "name": "Olpe",
    "state": "Nordrhein-Westfalen",
    "lat": null,
    "lon": null
  },
  {
    "code": "OF",
    "name": "Offenbach/Main",
    "state": "Hessen",
    "lat": 50.0956,
    "lon": 8.7761
  },
  {
    "code": "OG",
    "name": "Offenburg (Ortenaukreis)",
    "state": "Baden-Württemberg",
    "lat": null,
    "lon": null
  },
  {
    "code": "OH",
    "name": "Ostholstein (Eutin)",
    "state": "Schleswig-Holstein",
    "lat": null,
    "lon": null
  },
  {
    "code": "OHA",
    "name": "Osterode/Harz",
    "state": "Niedersachsen",
    "lat": null,
    "lon": null
  },
  {
    "code": "OHV",
    "name": "Oberhavel",
    "state": "Brandenburg",
    "lat": null,
    "lon": null
  },
  {
    "code": "OHZ",
    "name": "Osterholz-Scharmbeck",
    "state": "Niedersachsen",
    "lat": null,
    "lon": null
  },
  {
    "code": "OK",
    "name": "Ohrekreis",
    "state": "Sachsen-Anhalt",
    "lat": null,
    "lon": null
  },
  {
    "code": "OL",
    "name": "Oldenburg",
    "state": "Niedersachsen",
    "lat": null,
    "lon": null
  },
  {
    "code": "OP",
    "name": "Opladen (Rhein-Wupper-Kreis)",
    "state": "Nordrhein-Westfalen",
    "lat": null,
    "lon": null
  },
  {
    "code": "OPR",
    "name": "Ostprignitz-Ruppin",
    "state": "Brandenburg",
    "lat": null,
    "lon": null
  },
  {
    "code": "OS",
    "name": "Osnabrück",
    "state": "Niedersachsen",
    "lat": null,
    "lon": null
  },
  {
    "code": "OSL",
    "name": "Oberspreewald-Lausitz",
    "state": "Brandenburg",
    "lat": null,
    "lon": null
  },
  {
    "code": "OTW",
    "name": "Neunkirchen/Saar",
    "state": "Saarland",
    "lat": null,
    "lon": null
  },
  {
    "code": "OVI",
    "name": "Oberviechtach",
    "state": "Bayern",
    "lat": null,
    "lon": null
  },
  {
    "code": "OVL",
    "name": "Obervogtland (Vogtlandkreis)",
    "state": "Sachsen",
    "lat": null,
    "lon": null
  },
  {
    "code": "OVP",
    "name": "Ostvorpommern",
    "state": "Mecklenburg-Vorpommern",
    "lat": null,
    "lon": null
  },
  {
    "code": "OZ",
    "name": "Oschatz (Nordsachsen)",
    "state": "Sachsen",
    "lat": null,
    "lon": null
  },
  {
    "code": "P",
    "name": "Potsdam",
    "state": "Brandenburg",
    "lat": 52.3906,
    "lon": 13.0645
  },
  {
    "code": "PA",
    "name": "Passau",
    "state": "Bayern",
    "lat": null,
    "lon": null
  },
  {
    "code": "PAF",
    "name": "Pfaffenhofen/Ilm",
    "state": "Bayern",
    "lat": null,
    "lon": null
  },
  {
    "code": "PAN",
    "name": "Pfarrkirchen (Rottal-Inn)",
    "state": "Bayern",
    "lat": null,
    "lon": null
  },
  {
    "code": "PAR",
    "name": "Parsberg",
    "state": "Bayern",
    "lat": null,
    "lon": null
  },
  {
    "code": "PB",
    "name": "Paderborn",
    "state": "Nordrhein-Westfalen",
    "lat": null,
    "lon": null
  },
  {
    "code": "PCH",
    "name": "Parchim",
    "state": "Mecklenburg-Vorpommern",
    "lat": null,
    "lon": null
  },
  {
    "code": "PE",
    "name": "Peine",
    "state": "Niedersachsen",
    "lat": null,
    "lon": null
  },
  {
    "code": "PEG",
    "name": "Pegnitz",
    "state": "Bayern",
    "lat": null,
    "lon": null
  },
  {
    "code": "PF",
    "name": "Pforzheim (Enzkreis)",
    "state": "Baden-Württemberg",
    "lat": null,
    "lon": null
  },
  {
    "code": "PI",
    "name": "Pinneberg",
    "state": "Schleswig-Holstein",
    "lat": null,
    "lon": null
  },
  {
    "code": "PIR",
    "name": "Pirna",
    "state": "Sachsen",
    "lat": null,
    "lon": null
  },
  {
    "code": "PL",
    "name": "Plauen",
    "state": "Sachsen",
    "lat": null,
    "lon": null
  },
  {
    "code": "PLÖ",
    "name": "Plön/Holstein",
    "state": "Schleswig-Holstein",
    "lat": null,
    "lon": null
  },
  {
    "code": "PM",
    "name": "Potsdam-Mittelmark",
    "state": "Brandenburg",
    "lat": null,
    "lon": null
  },
  {
    "code": "PN",
    "name": "Pößneck",
    "state": "Thüringen",
    "lat": null,
    "lon": null
  },
  {
    "code": "PR",
    "name": "Prignitz",
    "state": "Brandenburg",
    "lat": null,
    "lon": null
  },
  {
    "code": "PRÜ",
    "name": "Prüm (Bitburg)",
    "state": "Rheinland-Pfalz",
    "lat": null,
    "lon": null
  },
  {
    "code": "PS",
    "name": "Pirmasens/Südwestpfals",
    "state": "Rheinland-Pfalz",
    "lat": null,
    "lon": null
  },
  {
    "code": "PW",
    "name": "Pasewalk",
    "state": "Mecklenburg-Vorpommern",
    "lat": null,
    "lon": null
  },
  {
    "code": "PZ",
    "name": "Prenzlau",
    "state": "Brandenburg",
    "lat": null,
    "lon": null
  },
  {
    "code": "QFT",
    "name": "Querfurt",
    "state": "Sachsen-Anhalt",
    "lat": null,
    "lon": null
  },
  {
    "code": "QLB",
    "name": "Quedlinburg",
    "state": "Sachsen-Anhalt",
    "lat": null,
    "lon": null
  },
  {
    "code": "R",
    "name": "Regensburg",
    "state": "Bayern",
    "lat": 49.0134,
    "lon": 12.1016
  },
  {
    "code": "RA",
    "name": "Rastatt",
    "state": "Baden-Württemberg",
    "lat": null,
    "lon": null
  },
  {
    "code": "RC",
    "name": "Reichenbach (Vogtlandkreis)",
    "state": "Sachsen",
    "lat": null,
    "lon": null
  },
  {
    "code": "RD",
    "name": "Rendsburg-Eckernfoerde",
    "state": "Schleswig-Holstein",
    "lat": null,
    "lon": null
  },
  {
    "code": "RDG",
    "name": "Ribnitz-Damgarten",
    "state": "Mecklenburg-Vorpommern",
    "lat": null,
    "lon": null
  },
  {
    "code": "RE",
    "name": "Recklinghausen",
    "state": "Nordrhein-Westfalen",
    "lat": null,
    "lon": null
  },
  {
    "code": "REG",
    "name": "Regen (Bayr. Wald)",
    "state": "Bayern",
    "lat": null,
    "lon": null
  },
  {
    "code": "REH",
    "name": "Rehau",
    "state": "Bayern",
    "lat": null,
    "lon": null
  },
  {
    "code": "REI",
    "name": "Bad Reichenhall",
    "state": "Bayern",
    "lat": null,
    "lon": null
  },
  {
    "code": "RG",
    "name": "Riesa-Großenhain",
    "state": "Sachsen",
    "lat": null,
    "lon": null
  },
  {
    "code": "RH",
    "name": "Roth/Rednitz",
    "state": "Bayern",
    "lat": null,
    "lon": null
  },
  {
    "code": "RI",
    "name": "Rinteln (Schaumburg)",
    "state": "Niedersachsen",
    "lat": null,
    "lon": null
  },
  {
    "code": "RID",
    "name": "Riedenburg",
    "state": "Bayern",
    "lat": null,
    "lon": null
  },
  {
    "code": "RIE",
    "name": "Riesa (Meißen)",
    "state": "Sachsen",
    "lat": null,
    "lon": null
  },
  {
    "code": "RL",
    "name": "Rochlitz (Mittelsachsen)",
    "state": "Sachsen",
    "lat": null,
    "lon": null
  },
  {
    "code": "RM",
    "name": "Röbel/Müritz",
    "state": "Mecklenburg-Vorpommern",
    "lat": null,
    "lon": null
  },
  {
    "code": "RN",
    "name": "Rathenow",
    "state": "Brandenburg",
    "lat": null,
    "lon": null
  },
  {
    "code": "RO",
    "name": "Rosenheim",
    "state": "Bayern",
    "lat": 47.856,
    "lon": 12.128
  },
  {
    "code": "ROD",
    "name": "Roding",
    "state": "Bayern",
    "lat": null,
    "lon": null
  },
  {
    "code": "ROF",
    "name": "Rotenburg",
    "state": "Hessen",
    "lat": null,
    "lon": null
  },
  {
    "code": "ROK",
    "name": "Rockenhausen",
    "state": "Rheinland-Pfalz",
    "lat": null,
    "lon": null
  },
  {
    "code": "ROL",
    "name": "Rottenburg an der Laaber",
    "state": "Bayern",
    "lat": null,
    "lon": null
  },
  {
    "code": "ROS",
    "name": "Rostock",
    "state": "Mecklenburg-Vorpommern",
    "lat": null,
    "lon": null
  },
  {
    "code": "ROT",
    "name": "Rothenburg ob der Tauber",
    "state": "Bayern",
    "lat": null,
    "lon": null
  },
  {
    "code": "ROW",
    "name": "Rotenburg/Wümme",
    "state": "Niedersachsen",
    "lat": null,
    "lon": null
  },
  {
    "code": "RP",
    "name": "Rhein-Pfalz-Kreis",
    "state": "Rheinland-Pfalz",
    "lat": null,
    "lon": null
  },
  {
    "code": "RPL",
    "name": "Landesregierung Rheinland-Pfalz",
    "state": "Rheinland-Pfalz",
    "lat": null,
    "lon": null
  },
  {
    "code": "RS",
    "name": "Remscheid",
    "state": "Nordrhein-Westfalen",
    "lat": null,
    "lon": null
  },
  {
    "code": "RSL",
    "name": "Roßlau (Elbe)",
    "state": "Mecklenburg-Vorpommern",
    "lat": null,
    "lon": null
  },
  {
    "code": "RT",
    "name": "Reutlingen",
    "state": "Baden-Württemberg",
    "lat": null,
    "lon": null
  },
  {
    "code": "RU",
    "name": "Rudolstadt",
    "state": "Thüringen",
    "lat": null,
    "lon": null
  },
  {
    "code": "RV",
    "name": "Ravensburg",
    "state": "Baden-Württemberg",
    "lat": null,
    "lon": null
  },
  {
    "code": "RW",
    "name": "Rottweil",
    "state": "Baden-Württemberg",
    "lat": null,
    "lon": null
  },
  {
    "code": "RY",
    "name": "Rheydt",
    "state": "Nordrhein-Westfalen",
    "lat": null,
    "lon": null
  },
  {
    "code": "RZ",
    "name": "Ratzeburg (Herzogtum Lauenburg)",
    "state": "Schleswig-Holstein",
    "lat": null,
    "lon": null
  },
  {
    "code": "RÜD",
    "name": "Rüdesheim (Rheingau-Taunus-Kreis)",
    "state": "Hessen",
    "lat": null,
    "lon": null
  },
  {
    "code": "RÜG",
    "name": "Rügen",
    "state": "Mecklenburg-Vorpommern",
    "lat": null,
    "lon": null
  },
  {
    "code": "S",
    "name": "Stuttgart",
    "state": "Baden-Württemberg",
    "lat": 48.7758,
    "lon": 9.1829
  },
  {
    "code": "SAB",
    "name": "Saarburg (Trier-Saarburg)",
    "state": "Rheinland-Pfalz",
    "lat": null,
    "lon": null
  },
  {
    "code": "SAD",
    "name": "Schwandorf",
    "state": "Bayern",
    "lat": null,
    "lon": null
  },
  {
    "code": "SAL",
    "name": "Landesregierung Saarland",
    "state": "Saarland",
    "lat": null,
    "lon": null
  },
  {
    "code": "SAN",
    "name": "Stadtsteinach",
    "state": "Bayern",
    "lat": null,
    "lon": null
  },
  {
    "code": "SAW",
    "name": "Salzwedel",
    "state": "Sachsen-Anhalt",
    "lat": null,
    "lon": null
  },
  {
    "code": "SB",
    "name": "Saarbrücken",
    "state": "Saarland",
    "lat": null,
    "lon": null
  },
  {
    "code": "SBG",
    "name": "Strasburg",
    "state": "Mecklenburg-Vorpommern",
    "lat": null,
    "lon": null
  },
  {
    "code": "SBK",
    "name": "Schönebeck/Elbe",
    "state": "Sachsen-Anhalt",
    "lat": null,
    "lon": null
  },
  {
    "code": "SC",
    "name": "Schwabach",
    "state": "Bayern",
    "lat": null,
    "lon": null
  },
  {
    "code": "SCZ",
    "name": "Schleiz",
    "state": "Thüringen",
    "lat": null,
    "lon": null
  },
  {
    "code": "SDH",
    "name": "Sondershausen",
    "state": "Thüringen",
    "lat": null,
    "lon": null
  },
  {
    "code": "SDL",
    "name": "Stendal",
    "state": "Sachsen-Anhalt",
    "lat": null,
    "lon": null
  },
  {
    "code": "SDT",
    "name": "Schwedt",
    "state": "Brandenburg",
    "lat": null,
    "lon": null
  },
  {
    "code": "SE",
    "name": "Bad Segeberg",
    "state": "Schleswig-Holstein",
    "lat": null,
    "lon": null
  },
  {
    "code": "SEB",
    "name": "Sebnitz (Sächsische Schweiz)",
    "state": "Sachsen",
    "lat": null,
    "lon": null
  },
  {
    "code": "SEE",
    "name": "Seelow",
    "state": "Brandenburg",
    "lat": null,
    "lon": null
  },
  {
    "code": "SEF",
    "name": "Scheinfeld",
    "state": "Bayern",
    "lat": null,
    "lon": null
  },
  {
    "code": "SEL",
    "name": "Selb",
    "state": "Bayern",
    "lat": null,
    "lon": null
  },
  {
    "code": "SFA",
    "name": "Soltau-Fallingbostel",
    "state": "Niedersachsen",
    "lat": null,
    "lon": null
  },
  {
    "code": "SFB",
    "name": "Senftenberg",
    "state": "Brandenburg",
    "lat": null,
    "lon": null
  },
  {
    "code": "SFT",
    "name": "Staßfurt",
    "state": "Sachsen-Anhalt",
    "lat": null,
    "lon": null
  },
  {
    "code": "SG",
    "name": "Solingen",
    "state": "Nordrhein-Westfalen",
    "lat": null,
    "lon": null
  },
  {
    "code": "SGH",
    "name": "Sangerhausen",
    "state": "Sachsen-Anhalt",
    "lat": null,
    "lon": null
  },
  {
    "code": "SH",
    "name": "Landesregierung Schleswig-Holstein",
    "state": "Schleswig-Holstein",
    "lat": null,
    "lon": null
  },
  {
    "code": "SHA",
    "name": "Schwäbisch Hall",
    "state": "Baden-Württemberg",
    "lat": null,
    "lon": null
  },
  {
    "code": "SHG",
    "name": "Stadthagen (Schaumburg)",
    "state": "Niedersachsen",
    "lat": null,
    "lon": null
  },
  {
    "code": "SHK",
    "name": "Saale-Holzlandkreis",
    "state": "Thüringen",
    "lat": null,
    "lon": null
  },
  {
    "code": "SHL",
    "name": "Suhl",
    "state": "Thüringen",
    "lat": null,
    "lon": null
  },
  {
    "code": "SI",
    "name": "Siegen",
    "state": "Nordrhein-Westfalen",
    "lat": null,
    "lon": null
  },
  {
    "code": "SIG",
    "name": "Sigmaringen",
    "state": "Baden-Württemberg",
    "lat": null,
    "lon": null
  },
  {
    "code": "SIM",
    "name": "Simmern (Rhein-Hunsrück-Kreis)",
    "state": "Rheinland-Pfalz",
    "lat": null,
    "lon": null
  },
  {
    "code": "SK",
    "name": "Saalkreis in Halle",
    "state": "Sachsen-Anhalt",
    "lat": null,
    "lon": null
  },
  {
    "code": "SL",
    "name": "Schleswig-Flensburg",
    "state": "Schleswig-Holstein",
    "lat": null,
    "lon": null
  },
  {
    "code": "SLE",
    "name": "Schleiden",
    "state": "Nordrhein-Westfalen",
    "lat": null,
    "lon": null
  },
  {
    "code": "SLF",
    "name": "Saalfeld",
    "state": "Thüringen",
    "lat": null,
    "lon": null
  },
  {
    "code": "SLK",
    "name": "Salzlandkreis",
    "state": "Sachsen-Anhalt",
    "lat": null,
    "lon": null
  },
  {
    "code": "SLN",
    "name": "Schmölln",
    "state": "Thüringen",
    "lat": null,
    "lon": null
  },
  {
    "code": "SLS",
    "name": "Saarlouis",
    "state": "Saarland",
    "lat": null,
    "lon": null
  },
  {
    "code": "SLZ",
    "name": "Bad Salzungen",
    "state": "Thüringen",
    "lat": null,
    "lon": null
  },
  {
    "code": "SLÜ",
    "name": "Schlüchtern",
    "state": "Hessen",
    "lat": null,
    "lon": null
  },
  {
    "code": "SM",
    "name": "Schmalkalden",
    "state": "Thüringen",
    "lat": null,
    "lon": null
  },
  {
    "code": "SN",
    "name": "Schwerin",
    "state": "Mecklenburg-Vorpommern",
    "lat": null,
    "lon": null
  },
  {
    "code": "SO",
    "name": "Soest",
    "state": "Nordrhein-Westfalen",
    "lat": null,
    "lon": null
  },
  {
    "code": "SOB",
    "name": "Schrobenhausen",
    "state": "Bayern",
    "lat": null,
    "lon": null
  },
  {
    "code": "SOG",
    "name": "Schongau",
    "state": "Bayern",
    "lat": null,
    "lon": null
  },
  {
    "code": "SOK",
    "name": "Saale-Orla-Kreis",
    "state": "Thüringen",
    "lat": null,
    "lon": null
  },
  {
    "code": "SON",
    "name": "Sonneberg",
    "state": "Thüringen",
    "lat": null,
    "lon": null
  },
  {
    "code": "SP",
    "name": "Speyer",
    "state": "Rheinland-Pfalz",
    "lat": null,
    "lon": null
  },
  {
    "code": "SPB",
    "name": "Spremberg",
    "state": "Brandenburg",
    "lat": null,
    "lon": null
  },
  {
    "code": "SPN",
    "name": "Spree-Neisse",
    "state": "Brandenburg",
    "lat": null,
    "lon": null
  },
  {
    "code": "SR",
    "name": "Straubing-Bogen",
    "state": "Bayern",
    "lat": 49.2402,
    "lon": 6.9969
  },
  {
    "code": "SRB",
    "name": "Strausberg",
    "state": "Brandenburg",
    "lat": null,
    "lon": null
  },
  {
    "code": "SRO",
    "name": "Stadtroda",
    "state": "Thüringen",
    "lat": null,
    "lon": null
  },
  {
    "code": "ST",
    "name": "Steinfurt",
    "state": "Nordrhein-Westfalen",
    "lat": null,
    "lon": null
  },
  {
    "code": "STA",
    "name": "Starnberg",
    "state": "Bayern",
    "lat": null,
    "lon": null
  },
  {
    "code": "STB",
    "name": "Sternberg",
    "state": "Mecklenburg-Vorpommern",
    "lat": null,
    "lon": null
  },
  {
    "code": "STD",
    "name": "Stade",
    "state": "Niedersachsen",
    "lat": null,
    "lon": null
  },
  {
    "code": "STE",
    "name": "Staffelstein",
    "state": "Bayern",
    "lat": null,
    "lon": null
  },
  {
    "code": "STL",
    "name": "Stollberg",
    "state": "Sachsen",
    "lat": null,
    "lon": null
  },
  {
    "code": "SU",
    "name": "Siegburg (Rhein-Sieg-Kreis)",
    "state": "Nordrhein-Westfalen",
    "lat": null,
    "lon": null
  },
  {
    "code": "SUL",
    "name": "Sulzbach-Rosenberg",
    "state": "Bayern",
    "lat": null,
    "lon": null
  },
  {
    "code": "SW",
    "name": "Schweinfurt",
    "state": "Bayern",
    "lat": null,
    "lon": null
  },
  {
    "code": "SWA",
    "name": "Untertaunuskreis",
    "state": "Hessen",
    "lat": null,
    "lon": null
  },
  {
    "code": "SZ",
    "name": "Salzgitter",
    "state": "Niedersachsen",
    "lat": null,
    "lon": null
  },
  {
    "code": "SZB",
    "name": "Schwarzenberg (Erzgebirgskreis)",
    "state": "Sachsen",
    "lat": null,
    "lon": null
  },
  {
    "code": "SÖM",
    "name": "Sömmerda",
    "state": "Thüringen",
    "lat": null,
    "lon": null
  },
  {
    "code": "SÜW",
    "name": "Südl. Weinstrasse (Landau)",
    "state": "Rheinland-Pfalz",
    "lat": null,
    "lon": null
  },
  {
    "code": "TBB",
    "name": "Tauberbischofsheim",
    "state": "Baden-Württemberg",
    "lat": null,
    "lon": null
  },
  {
    "code": "TDO",
    "name": "Torgau Delitzsch - Oschatz",
    "state": "Sachsen",
    "lat": null,
    "lon": null
  },
  {
    "code": "TE",
    "name": "Tecklenburg",
    "state": "Nordrhein-Westfalen",
    "lat": null,
    "lon": null
  },
  {
    "code": "TET",
    "name": "Teterow",
    "state": "Mecklenburg-Vorpommern",
    "lat": null,
    "lon": null
  },
  {
    "code": "TF",
    "name": "Teltow-Fläming",
    "state": "Brandenburg",
    "lat": null,
    "lon": null
  },
  {
    "code": "TG",
    "name": "Torgau (Nordsachsen)",
    "state": "Sachsen",
    "lat": null,
    "lon": null
  },
  {
    "code": "THL",
    "name": "Landesregierung Thüringen",
    "state": "Thüringen",
    "lat": null,
    "lon": null
  },
  {
    "code": "THW",
    "name": "Technisches Hilfswerk",
    "state": "Bundesweit",
    "lat": null,
    "lon": null
  },
  {
    "code": "TIR",
    "name": "Tirschenreuth",
    "state": "Bayern",
    "lat": null,
    "lon": null
  },
  {
    "code": "TO",
    "name": "Torgau-Oschatz",
    "state": "Sachsen",
    "lat": null,
    "lon": null
  },
  {
    "code": "TP",
    "name": "Templin",
    "state": "Brandenburg",
    "lat": null,
    "lon": null
  },
  {
    "code": "TR",
    "name": "Trier-Saarburg",
    "state": "Rheinland-Pfalz",
    "lat": 49.7499,
    "lon": 6.6371
  },
  {
    "code": "TS",
    "name": "Traunstein",
    "state": "Bayern",
    "lat": null,
    "lon": null
  },
  {
    "code": "TUT",
    "name": "Tuttlingen",
    "state": "Baden-Württemberg",
    "lat": null,
    "lon": null
  },
  {
    "code": "TÖL",
    "name": "Bad Tölz-Wolfratshausen",
    "state": "Bayern",
    "lat": null,
    "lon": null
  },
  {
    "code": "TÜ",
    "name": "Tübingen",
    "state": "Baden-Württemberg",
    "lat": 48.5216,
    "lon": 9.0576
  },
  {
    "code": "UE",
    "name": "Uelzen",
    "state": "Niedersachsen",
    "lat": null,
    "lon": null
  },
  {
    "code": "UEM",
    "name": "Ueckermünde",
    "state": "Mecklenburg-Vorpommern",
    "lat": null,
    "lon": null
  },
  {
    "code": "UER",
    "name": "Uecker-Randow",
    "state": "Mecklenburg-Vorpommern",
    "lat": null,
    "lon": null
  },
  {
    "code": "UFF",
    "name": "Uffenheim",
    "state": "Bayern",
    "lat": null,
    "lon": null
  },
  {
    "code": "UH",
    "name": "Unstrut-Hainich-Kreis",
    "state": "Thüringen",
    "lat": null,
    "lon": null
  },
  {
    "code": "UL",
    "name": "Ulm (Alb-Donau-Kreis)",
    "state": "Baden-Württemberg",
    "lat": 48.4011,
    "lon": 9.9876
  },
  {
    "code": "UM",
    "name": "Uckermark",
    "state": "Brandenburg",
    "lat": null,
    "lon": null
  },
  {
    "code": "UN",
    "name": "Unna (Westfalen)",
    "state": "Nordrhein-Westfalen",
    "lat": null,
    "lon": null
  },
  {
    "code": "USI",
    "name": "Usingen",
    "state": "Hessen",
    "lat": null,
    "lon": null
  },
  {
    "code": "V",
    "name": "Vogtlandkreis",
    "state": "Sachsen",
    "lat": null,
    "lon": null
  },
  {
    "code": "VAI",
    "name": "Vaihingen",
    "state": "Baden-Württemberg",
    "lat": null,
    "lon": null
  },
  {
    "code": "VB",
    "name": "Vogelsbergkreis (Lauterbach)",
    "state": "Hessen",
    "lat": null,
    "lon": null
  },
  {
    "code": "VEC",
    "name": "Vechta",
    "state": "Niedersachsen",
    "lat": null,
    "lon": null
  },
  {
    "code": "VER",
    "name": "Verden/Aller",
    "state": "Niedersachsen",
    "lat": null,
    "lon": null
  },
  {
    "code": "VG",
    "name": "Vorpommern-Greifswald",
    "state": "Mecklenburg-Vorpommern",
    "lat": null,
    "lon": null
  },
  {
    "code": "VIB",
    "name": "Vilsbiburg",
    "state": "Bayern",
    "lat": null,
    "lon": null
  },
  {
    "code": "VIE",
    "name": "Viersen",
    "state": "Nordrhein-Westfalen",
    "lat": null,
    "lon": null
  },
  {
    "code": "VK",
    "name": "Völklingen",
    "state": "Saarland",
    "lat": null,
    "lon": null
  },
  {
    "code": "VOH",
    "name": "Vohenstrauß",
    "state": "Bayern",
    "lat": null,
    "lon": null
  },
  {
    "code": "VR",
    "name": "Vorpommern-Rügen",
    "state": "Mecklenburg-Vorpommern",
    "lat": null,
    "lon": null
  },
  {
    "code": "VS",
    "name": "Villingen-Schwenningen",
    "state": "Baden-Württemberg",
    "lat": null,
    "lon": null
  },
  {
    "code": "W",
    "name": "Wuppertal",
    "state": "Nordrhein-Westfalen",
    "lat": 51.2562,
    "lon": 7.1508
  },
  {
    "code": "WA",
    "name": "Waldeck",
    "state": "Hessen",
    "lat": null,
    "lon": null
  },
  {
    "code": "WAF",
    "name": "Warendorf",
    "state": "Nordrhein-Westfalen",
    "lat": null,
    "lon": null
  },
  {
    "code": "WAK",
    "name": "Wartburgkreis",
    "state": "Thüringen",
    "lat": null,
    "lon": null
  },
  {
    "code": "WAN",
    "name": "Wanne-Eickel (Herne)",
    "state": "Nordrhein-Westfalen",
    "lat": null,
    "lon": null
  },
  {
    "code": "WAT",
    "name": "Wattenscheid (Bochum)",
    "state": "Nordrhein-Westfalen",
    "lat": null,
    "lon": null
  },
  {
    "code": "WB",
    "name": "Wittenberg",
    "state": "Sachsen-Anhalt",
    "lat": null,
    "lon": null
  },
  {
    "code": "WBS",
    "name": "Worbis",
    "state": "Thüringen",
    "lat": null,
    "lon": null
  },
  {
    "code": "WDA",
    "name": "Werdau (Zwickau)",
    "state": "Sachsen",
    "lat": null,
    "lon": null
  },
  {
    "code": "WE",
    "name": "Weimar",
    "state": "Thüringen",
    "lat": null,
    "lon": null
  },
  {
    "code": "WEL",
    "name": "Weilburg",
    "state": "Hessen",
    "lat": null,
    "lon": null
  },
  {
    "code": "WEN",
    "name": "Weiden/Oberpfalz",
    "state": "Bayern",
    "lat": null,
    "lon": null
  },
  {
    "code": "WER",
    "name": "Wertingen",
    "state": "Bayern",
    "lat": null,
    "lon": null
  },
  {
    "code": "WES",
    "name": "Wesel",
    "state": "Nordrhein-Westfalen",
    "lat": null,
    "lon": null
  },
  {
    "code": "WF",
    "name": "Wolfenbüttel",
    "state": "Niedersachsen",
    "lat": null,
    "lon": null
  },
  {
    "code": "WHV",
    "name": "Wilhelmshaven",
    "state": "Niedersachsen",
    "lat": null,
    "lon": null
  },
  {
    "code": "WI",
    "name": "Wiesbaden",
    "state": "Hessen",
    "lat": 50.0826,
    "lon": 8.2415
  },
  {
    "code": "WIL",
    "name": "Bernkastel-Wittlich/Mosel",
    "state": "Rheinland-Pfalz",
    "lat": null,
    "lon": null
  },
  {
    "code": "WIS",
    "name": "Wismar",
    "state": "Mecklenburg-Vorpommern",
    "lat": null,
    "lon": null
  },
  {
    "code": "WIT",
    "name": "Witten (Ennepe-Ruhr-Kreis)",
    "state": "Nordrhein-Westfalen",
    "lat": null,
    "lon": null
  },
  {
    "code": "WIZ",
    "name": "Witzenhausen",
    "state": "Hessen",
    "lat": null,
    "lon": null
  },
  {
    "code": "WK",
    "name": "Wittstock/Dosse",
    "state": "Brandenburg",
    "lat": null,
    "lon": null
  },
  {
    "code": "WL",
    "name": "Winsen/Luhe (Harburg)",
    "state": "Niedersachsen",
    "lat": null,
    "lon": null
  },
  {
    "code": "WLG",
    "name": "Wolgast",
    "state": "Mecklenburg-Vorpommern",
    "lat": null,
    "lon": null
  },
  {
    "code": "WM",
    "name": "Weilheim (Schongau)",
    "state": "Bayern",
    "lat": null,
    "lon": null
  },
  {
    "code": "WMS",
    "name": "Wolmirstedt",
    "state": "Sachsen-Anhalt",
    "lat": null,
    "lon": null
  },
  {
    "code": "WN",
    "name": "Waiblingen (Rems-Murr-Kreis)",
    "state": "Baden-Württemberg",
    "lat": null,
    "lon": null
  },
  {
    "code": "WND",
    "name": "St. Wendel",
    "state": "Saarland",
    "lat": null,
    "lon": null
  },
  {
    "code": "WO",
    "name": "Worms",
    "state": "Rheinland-Pfalz",
    "lat": null,
    "lon": null
  },
  {
    "code": "WOB",
    "name": "Wolfsburg",
    "state": "Niedersachsen",
    "lat": null,
    "lon": null
  },
  {
    "code": "WOH",
    "name": "Wolfhagen",
    "state": "Hessen",
    "lat": null,
    "lon": null
  },
  {
    "code": "WOL",
    "name": "Wolfach",
    "state": "Baden-Württemberg",
    "lat": null,
    "lon": null
  },
  {
    "code": "WOR",
    "name": "Wolfratshausen",
    "state": "Bayern",
    "lat": null,
    "lon": null
  },
  {
    "code": "WOS",
    "name": "Wolfstein",
    "state": "Bayern",
    "lat": null,
    "lon": null
  },
  {
    "code": "WR",
    "name": "Wernigerode",
    "state": "Sachsen-Anhalt",
    "lat": null,
    "lon": null
  },
  {
    "code": "WRN",
    "name": "Waren (Müritz)",
    "state": "Mecklenburg-Vorpommern",
    "lat": null,
    "lon": null
  },
  {
    "code": "WS",
    "name": "Wasserburg",
    "state": "Bayern",
    "lat": null,
    "lon": null
  },
  {
    "code": "WSF",
    "name": "Weissenfels",
    "state": "Sachsen-Anhalt",
    "lat": null,
    "lon": null
  },
  {
    "code": "WST",
    "name": "Westerstede (Ammerland)",
    "state": "Niedersachsen",
    "lat": null,
    "lon": null
  },
  {
    "code": "WSW",
    "name": "Weißwasser (Görlitz)",
    "state": "Sachsen",
    "lat": null,
    "lon": null
  },
  {
    "code": "WT",
    "name": "Waldshut-Tiengen",
    "state": "Baden-Württemberg",
    "lat": null,
    "lon": null
  },
  {
    "code": "WTM",
    "name": "Wittmund",
    "state": "Niedersachsen",
    "lat": null,
    "lon": null
  },
  {
    "code": "WUG",
    "name": "Weissenburg-Gunzenhausen",
    "state": "Bayern",
    "lat": null,
    "lon": null
  },
  {
    "code": "WUN",
    "name": "Wunsiedel",
    "state": "Bayern",
    "lat": null,
    "lon": null
  },
  {
    "code": "WUR",
    "name": "Wurzen (Leipzig)",
    "state": "Sachsen",
    "lat": null,
    "lon": null
  },
  {
    "code": "WW",
    "name": "Westerwald",
    "state": "Rheinland-Pfalz",
    "lat": null,
    "lon": null
  },
  {
    "code": "WZ",
    "name": "Wetzlar",
    "state": "Hessen",
    "lat": null,
    "lon": null
  },
  {
    "code": "WZL",
    "name": "Wanzleben",
    "state": "Sachsen-Anhalt",
    "lat": null,
    "lon": null
  },
  {
    "code": "WÜ",
    "name": "Würzburg",
    "state": "Bayern",
    "lat": 49.7913,
    "lon": 9.9534
  },
  {
    "code": "WÜM",
    "name": "Waldmünchen",
    "state": "Bayern",
    "lat": null,
    "lon": null
  },
  {
    "code": "X",
    "name": "Internationale Hauptquartiere (NATO)",
    "state": "Bundesweit",
    "lat": null,
    "lon": null
  },
  {
    "code": "Y",
    "name": "Bundeswehr",
    "state": "Bundesweit",
    "lat": null,
    "lon": null
  },
  {
    "code": "Z",
    "name": "Zwickau",
    "state": "Sachsen",
    "lat": null,
    "lon": null
  },
  {
    "code": "ZE",
    "name": "Zerbst/Anhalt",
    "state": "Sachsen-Anhalt",
    "lat": null,
    "lon": null
  },
  {
    "code": "ZEL",
    "name": "Zell (Cochem-Zell)",
    "state": "Rheinland-Pfalz",
    "lat": null,
    "lon": null
  },
  {
    "code": "ZI",
    "name": "Zittau",
    "state": "Sachsen",
    "lat": null,
    "lon": null
  },
  {
    "code": "ZIG",
    "name": "Ziegenhain",
    "state": "Hessen",
    "lat": null,
    "lon": null
  },
  {
    "code": "ZP",
    "name": "Zschopau (Erzgebirgskreis)",
    "state": "Sachsen",
    "lat": null,
    "lon": null
  },
  {
    "code": "ZR",
    "name": "Zeulenroda",
    "state": "Thüringen",
    "lat": null,
    "lon": null
  },
  {
    "code": "ZW",
    "name": "Zweibrücken",
    "state": "Rheinland-Pfalz",
    "lat": null,
    "lon": null
  },
  {
    "code": "ZZ",
    "name": "Zeitz",
    "state": "Sachsen-Anhalt",
    "lat": null,
    "lon": null
  },
  {
    "code": "ÖHR",
    "name": "Öhringen",
    "state": "Baden-Württemberg",
    "lat": null,
    "lon": null
  }
]
